Latitude;Longitude;Total;Classe;Date;source
45.831368;-73.441355;62;Commun;2017-10-08;DonnesOnQc2017
45.943569;-73.400959;2;Inexistant;2017-10-08;DonnesOnQc2017
45.805167;-73.434789;19;Commun;2017-10-08;DonnesOnQc2017
45.778313;-73.450884;30;Commun;2017-10-08;DonnesOnQc2017
45.735958;-73.480365;1;Inexistant;2017-10-08;DonnesOnQc2017
45.840218;-73.444917;254;Commun;2017-10-04;DonnesOnQc2017
45.833222;-73.42715;269;Commun;2017-08-11;DonnesOnQc2017
45.913212;-72.492638;10;Commun;2017-08-02;DonnesOnQc2017
45.712859;-73.441355;6;Rare;2022-09-16;DonnesOnQc2017
45.914852;-76.924493;12;Commun;2016-08-25;DonnesOnQc2017
45.877966;-76.929643;9;Rare;2016-08-24;DonnesOnQc2017
45.896487;-76.863467;111;Commun;2016-08-24;DonnesOnQc2017
45.635704;-73.475301;10;Commun;2016-08-19;DonnesOnQc2017
45.879042;-76.70438;1;Inexistant;2016-06-21;DonnesOnQc2017
45.890833;-72.488889;2;Inexistant;2015-07-18;DonnesOnQc2017
45.57776;-72.01577;1;Inexistant;2012-09-18;DonnesOnQc2017
45.58973;-73.49529;1;Inexistant;2012-09-13;DonnesOnQc2017
45.59058;-73.49472;1;Inexistant;2012-09-13;DonnesOnQc2017
45.58238;-73.4928;2;Inexistant;2012-09-13;DonnesOnQc2017
46.58616;-72.03774;7;Rare;2012-09-12;DonnesOnQc2017
45.72806;-76.60453;1;Inexistant;2012-08-16;DonnesOnQc2017
46.58771;-72.03214;112;Commun;2012-08-09;DonnesOnQc2017
46.58718;-72.03343;11;Commun;2012-08-09;DonnesOnQc2017
46.58772;-72.03178;12;Commun;2012-08-09;DonnesOnQc2017
46.58693;-72.03474;3;Inexistant;2012-08-09;DonnesOnQc2017
46.58718;-72.03343;56;Commun;2012-08-09;DonnesOnQc2017
46.58767;-72.03378;42;Commun;2012-08-09;DonnesOnQc2017
45.82709;-73.28744;1;Inexistant;2012-08-01;DonnesOnQc2017
45.83476;-73.27906;1;Inexistant;2012-08-01;DonnesOnQc2017
45.83601;-73.27783;1;Inexistant;2012-08-01;DonnesOnQc2017
45.83589;-73.27755;2;Inexistant;2012-08-01;DonnesOnQc2017
45.83635;-73.27731;1;Inexistant;2012-08-01;DonnesOnQc2017
45.83633;-73.27722;1;Inexistant;2012-08-01;DonnesOnQc2017
45.83671;-73.27663;1;Inexistant;2012-08-01;DonnesOnQc2017
45.83706;-73.27624;1;Inexistant;2012-08-01;DonnesOnQc2017
45.83754;-73.27566;1;Inexistant;2012-08-01;DonnesOnQc2017
45.83822;-73.27451;2;Inexistant;2012-08-01;DonnesOnQc2017
45.82734;-73.28738;1;Inexistant;2012-08-01;DonnesOnQc2017
45.82644;-73.28827;1;Inexistant;2012-08-01;DonnesOnQc2017
45.82572;-73.29002;1;Inexistant;2012-08-01;DonnesOnQc2017
45.8279;-73.28703;1;Inexistant;2012-08-01;DonnesOnQc2017
45.83445;-73.27954;1;Inexistant;2012-08-01;DonnesOnQc2017
45.81846;-73.30287;1;Inexistant;2012-07-31;DonnesOnQc2017
45.82119;-73.29881;2;Inexistant;2012-07-31;DonnesOnQc2017
45.82041;-73.30038;2;Inexistant;2012-07-31;DonnesOnQc2017
45.81928;-73.29988;1;Inexistant;2012-07-31;DonnesOnQc2017
45.81977;-73.30014;2;Inexistant;2012-07-31;DonnesOnQc2017
45.81932;-73.30049;1;Inexistant;2012-07-31;DonnesOnQc2017
45.81879;-73.30149;1;Inexistant;2012-07-31;DonnesOnQc2017
46.27823;-72.66123;1;Inexistant;2012-07-26;DonnesOnQc2017
46.58758;-72.03783;1;Inexistant;2012-07-26;DonnesOnQc2017
46.58651;-72.03747;10;Commun;2012-07-26;DonnesOnQc2017
46.58616;-72.03774;34;Commun;2012-07-26;DonnesOnQc2017
46.58693;-72.03459;19;Commun;2012-07-26;DonnesOnQc2017
46.58608;-72.03835;34;Commun;2012-07-26;DonnesOnQc2017
46.58749;-72.03583;4;Rare;2012-07-26;DonnesOnQc2017
46.27645;-72.65937;3;Inexistant;2012-07-26;DonnesOnQc2017
46.58693;-72.03459;122;Commun;2012-07-26;DonnesOnQc2017
46.27792;-72.67316;1;Inexistant;2012-07-23;DonnesOnQc2017
46.585981;-72.03965;6;Rare;2012-07-13;DonnesOnQc2017
46.586338;-72.038769;5;Rare;2012-07-13;DonnesOnQc2017
46.585621;-72.041859;5;Rare;2012-07-13;DonnesOnQc2017
46.586841;-72.038079;7;Rare;2011-09-12;DonnesOnQc2017
46.58626;-72.037603;4;Rare;2011-07-27;DonnesOnQc2017
46.586242;-72.041181;1;Inexistant;2011-07-27;DonnesOnQc2017
45.5881;-75.16494;1;Inexistant;2010-07-30;DonnesOnQc2017
46.078111;-73.173306;26;Commun;2010-05-06;DonnesOnQc2017
46.078111;-73.173306;46;Commun;2010-05-06;DonnesOnQc2017
45.817722;-72.295611;2;Inexistant;2009-09-12;DonnesOnQc2017
45.78363;-72.248;3;Inexistant;2009-09-10;DonnesOnQc2017
45.575944;-72.014944;3;Inexistant;2009-09-10;DonnesOnQc2017
46.20682;-83.02533;5;Rare;2009-09-07;DonnesOnQc2017
46.19983;-83.02632;5;Rare;2009-09-06;DonnesOnQc2017
46.27308;-83.22652;1;Inexistant;2009-09-05;DonnesOnQc2017
46.64726;-71.92616;2;Inexistant;2009-08-27;DonnesOnQc2017
46.58722;-72.03912;2;Inexistant;2009-08-14;DonnesOnQc2017
46.58775;-72.03728;1;Inexistant;2009-08-14;DonnesOnQc2017
46.58709;-72.03918;1;Inexistant;2009-08-14;DonnesOnQc2017
45.575944;-72.014944;3;Inexistant;2009-05-07;DonnesOnQc2017
45.575944;-72.014944;1;Inexistant;2009-05-06;DonnesOnQc2017
46.90636;-70.768698;1;Inexistant;2008-08-09;DonnesOnQc2017
45.78363;-72.248;1;Inexistant;2008-07-23;DonnesOnQc2017
46.58636;-72.0376;111;Commun;2007-09-19;DonnesOnQc2017
45.9052;-76.9301;2;Inexistant;2007-09-14;DonnesOnQc2017
46.93507;-70.73531;1;Inexistant;2007-09-10;DonnesOnQc2017
46.93626;-70.72497;1;Inexistant;2007-09-10;DonnesOnQc2017
46.58577;-72.04089;5;Rare;2007-09-07;DonnesOnQc2017
45.78342;-72.246905;2;Inexistant;2007-09-05;DonnesOnQc2017
45.78353;-72.24753;1;Inexistant;2007-09-05;DonnesOnQc2017
46.6473;-71.9257;7;Rare;2007-08-21;DonnesOnQc2017
45.581512;-73.479256;1;Inexistant;2007-08-13;DonnesOnQc2017
45.78363;-72.248;1;Inexistant;2007-08-08;DonnesOnQc2017
46.93626;-70.72497;1;Inexistant;2006-09-21;DonnesOnQc2017
46.53661;-72.37308;1;Inexistant;2006-09-18;DonnesOnQc2017
46.670617;-71.878967;2;Inexistant;2006-09-12;DonnesOnQc2017
46.67865;-71.883;1;Inexistant;2006-09-11;DonnesOnQc2017
46.66895;-71.83735;1;Inexistant;2006-09-10;DonnesOnQc2017
46.521722;-72.300222;7;Rare;2006-08-24;DonnesOnQc2017
45.5225;-76.1671;3;Inexistant;2005-10-20;DonnesOnQc2017
45.5185;-76.1667;2;Inexistant;2005-10-20;DonnesOnQc2017
45.5227;-76.1671;3;Inexistant;2005-10-11;DonnesOnQc2017
45.5225;-76.1671;4;Rare;2005-10-11;DonnesOnQc2017
46.521722;-72.300222;7;Rare;2005-08-10;DonnesOnQc2017
45.9052;-76.9301;1;Inexistant;2004-10-04;DonnesOnQc2017
45.9068;-76.9344;7;Rare;2004-10-04;DonnesOnQc2017
46.72865;-71.43253;8;Rare;2004-09-08;DonnesOnQc2017
46.746976;-71.343759;1;Inexistant;2004-08-04;DonnesOnQc2017
46.72965;-71.43092;2;Inexistant;2004-07-06;DonnesOnQc2017
45.908111;-73.221944;3;Inexistant;2004-01-01;DonnesOnQc2017
46.521817;-72.299517;1;Inexistant;2003-10-10;DonnesOnQc2017
45.66645;-72.15178;2;Inexistant;2003-08-26;DonnesOnQc2017
45.60908;-72.070733;2;Inexistant;2003-08-26;DonnesOnQc2017
46.521722;-72.300222;17;Commun;2002-09-25;DonnesOnQc2017
45.971888;-72.550805;24;Commun;2002-09-10;DonnesOnQc2017
45.732916;-76.603861;18;Commun;2002-08-21;DonnesOnQc2017
45.899;-76.920388;1;Inexistant;2002-08-20;DonnesOnQc2017
45.90675;-76.934277;5;Rare;2002-08-20;DonnesOnQc2017
43.02545;-78.89407;1;Inexistant;1905-06-24;DonnesOnQc2017
45.944222;-73.403222;1;Inexistant;2001-09-25;DonnesOnQc2017
45.5955;-73.46675;1;Inexistant;2001-09-14;DonnesOnQc2017
45.5955;-73.46675;1;Inexistant;2001-09-14;DonnesOnQc2017
46.628944;-71.731694;2;Inexistant;2001-09-10;DonnesOnQc2017
46.618666;-71.932583;1;Inexistant;2001-09-10;DonnesOnQc2017
46.618666;-71.932583;1;Inexistant;2001-09-10;DonnesOnQc2017
45.905;-76.929444;24;Commun;2001-08-18;DonnesOnQc2017
45.904166;-76.93;4;Rare;2001-08-18;DonnesOnQc2017
45.657222;-76.671944;0;Inexistant;2001-08-18;DonnesOnQc2017
45.85;-76.73;1;Inexistant;2001-08-18;DonnesOnQc2017
45.580555;-76.670833;1;Inexistant;2001-08-18;DonnesOnQc2017
43.06459;-78.97936;1;Inexistant;1905-06-23;DonnesOnQc2017
45.801666;-73.32;2;Inexistant;2000-08-31;DonnesOnQc2017
46.85;-71.142222;1;Inexistant;2000-08-09;DonnesOnQc2017
46.20222;-83.02679;1;Inexistant;2000-06-21;DonnesOnQc2017
47.58939;-79.48486;1;Inexistant;2000-05-01;DonnesOnQc2017
47.65235;-79.5967;1;Inexistant;2000-04-30;DonnesOnQc2017
47.60967;-79.53993;1;Inexistant;2000-04-29;DonnesOnQc2017
46.640916;-71.948416;1;Inexistant;1999-10-18;DonnesOnQc2017
45.77358;-73.449144;2;Inexistant;2447-01-19;DonnesOnQc2017
42.35083333;-82.94916667;1;Inexistant;1905-06-16;DonnesOnQc2017
42.35083333;-82.94916667;1;Inexistant;1905-06-16;DonnesOnQc2017
42.3375;-82.96833333;3;Inexistant;1992-07-16;DonnesOnQc2017
42.3375;-82.96833333;3;Inexistant;1992-07-16;DonnesOnQc2017
42.35166667;-82.985;1;Inexistant;1992-07-15;DonnesOnQc2017
42.35166667;-82.985;1;Inexistant;1992-07-15;DonnesOnQc2017
42.20833333;-83.09833333;1;Inexistant;1992-07-01;DonnesOnQc2017
42.20833333;-83.09833333;1;Inexistant;1992-07-01;DonnesOnQc2017
42.335;-82.95166667;1;Inexistant;1992-05-08;DonnesOnQc2017
42.335;-82.95166667;1;Inexistant;1992-05-08;DonnesOnQc2017
45.619483;-73.491251;1;Inexistant;1982-05-06;DonnesOnQc2017
42.14;-83.11833333;3;Inexistant;1905-06-04;DonnesOnQc2017
42.35083333;-82.94916667;4;Rare;1905-06-04;DonnesOnQc2017
42.3375;-82.96833333;2;Inexistant;1905-06-04;DonnesOnQc2017
42.35083333;-82.94916667;4;Rare;1905-06-04;DonnesOnQc2017
42.14;-83.11833333;3;Inexistant;1905-06-04;DonnesOnQc2017
42.3375;-82.96833333;2;Inexistant;1905-06-04;DonnesOnQc2017
46.9147;-70.7928;1;Inexistant;1974-07-11;DonnesOnQc2017
42.89944;-79.61668;0;Inexistant;1963-06-19;DonnesOnQc2017
45.5153;-76.1392;1;Inexistant;1962-09-02;DonnesOnQc2017
45.5167;-76.1667;1;Inexistant;1962-07-22;DonnesOnQc2017
46.19983;-83.02632;0;Inexistant;1955-08-14;DonnesOnQc2017
47.45;-70.3667;1;Inexistant;1953-09-06;DonnesOnQc2017
46.256666;-72.655833;1;Inexistant;1947-09-10;DonnesOnQc2017
43.05;-79;0;Inexistant;1935-07-13;DonnesOnQc2017
43.05;-79;0;Inexistant;1935-07-13;DonnesOnQc2017
42.97916667;-79.025;0;Inexistant;1935-03-30;DonnesOnQc2017
42.97916667;-79.025;0;Inexistant;1935-03-30;DonnesOnQc2017
42.45277778;-82.13055556;1;Inexistant;1934-06-25;DonnesOnQc2017
42.45277778;-82.13055556;1;Inexistant;1934-06-25;DonnesOnQc2017
43.07222222;-79.0625;0;Inexistant;1905-04-17;DonnesOnQc2017
42.09583333;-83.11944444;0;Inexistant;1905-04-17;DonnesOnQc2017
45.5667;-74.3833;2;Inexistant;2429-04-04;DonnesOnQc2017
43.19444444;-79.05555556;0;Inexistant;1905-04-14;DonnesOnQc2017
41.99027778;-82.88333333;0;Inexistant;1905-04-08;DonnesOnQc2017
43.2125;-79.06666667;0;Inexistant;1905-03-20;DonnesOnQc2017
45.5667;-74.3833;1;Inexistant;1905-03-20;DonnesOnQc2017
46.8667;-71.15;1;Inexistant;1905-03-19;DonnesOnQc2017
43.2125;-79.06666667;0;Inexistant;1903-03-22;DonnesOnQc2017
46.838333;-71.192222;1;Inexistant;1905-03-04;DonnesOnQc2017
45.47;-75.599444;0;Inexistant;2416-08-30;DonnesOnQc2017
45.4686;-75.5769;10;Commun;1905-02-27;DonnesOnQc2017
46.795555;-71.218888;0;Inexistant;1905-02-05;DonnesOnQc2017
45.569444;-73.505555;0;Inexistant;1905-02-05;DonnesOnQc2017
43.07222222;-79.0625;0;Inexistant;1900-01-00;DonnesOnQc2017
45.85;-74.2333;1;Inexistant;1900-01-00;DonnesOnQc2017
45.4681;-75.6086;2;Inexistant;1900-01-00;DonnesOnQc2017
46.8167;-71.2333;9;Rare;1900-01-00;DonnesOnQc2017
45.4;-76.4333;1;Inexistant;1900-01-00;DonnesOnQc2017
45.5153;-76.1392;1;Inexistant;1962-09-01;Otawariverwathershed
45.9052;-76.9301;3;Inexistant;2007-09-01;Otawariverwathershed
45.742966;-76.609424;6;Rare;2018-06-20;Otawariverwathershed
45.741035;-76.61106;118;Commun;2018-06-20;Otawariverwathershed
45.90675;-76.934277;6;Rare;2002-08-01;Otawariverwathershed
45.5225;-76.1671;6;Rare;2005-10-01;Otawariverwathershed
45.5667;-74.3833;1;Inexistant;1905-03-20;Otawariverwathershed
45.4;-76.4333;1;Inexistant;1900-01-00;Otawariverwathershed
45.5167;-76.1667;1;Inexistant;1962-07-01;Otawariverwathershed
47.58939;-79.48486;1;Inexistant;2000-05-01;Otawariverwathershed
45.736528;-76.60354;37;Commun;2018-06-20;Otawariverwathershed
45.580555;-76.670833;2;Inexistant;2001-08-01;Otawariverwathershed
45.9052;-76.9301;2;Inexistant;2004-10-01;Otawariverwathershed
45.72806;-76.60453;1;Inexistant;2012-08-01;Otawariverwathershed
45.85;-74.2333;1;Inexistant;1900-01-00;Otawariverwathershed
45.899;-76.920388;2;Inexistant;2002-08-01;Otawariverwathershed
45.868686;-76.782601;2;Inexistant;2018-06-22;Otawariverwathershed
45.4681;-75.6086;2;Inexistant;1900-01-00;Otawariverwathershed
45.5227;-76.1671;5;Rare;2005-10-11;Otawariverwathershed
45.5225;-76.1671;5;Rare;2005-10-20;Otawariverwathershed
45.5185;-76.1667;3;Inexistant;2005-10-20;Otawariverwathershed
47.65235;-79.5967;1;Inexistant;2000-04-30;Otawariverwathershed
45.657222;-76.671944;1;Inexistant;2001-08-18;Otawariverwathershed
45.47;-75.599444;1;Inexistant;1887-09;Otawariverwathershed
45.905;-76.929444;25;Commun;2001-08-18;Otawariverwathershed
45.904166;-76.93;5;Rare;2001-08-18;Otawariverwathershed
45.5667;-74.3833;2;Inexistant;1933-09-01;Otawariverwathershed
45.4686;-75.5769;10;Commun;1885-01;Otawariverwathershed
45.732916;-76.603861;19;Commun;2002-08-21;Otawariverwathershed
47.60967;-79.53993;1;Inexistant;2000-04-29;Otawariverwathershed
45.85;-76.73;3;Inexistant;2001-08-18;Otawariverwathershed
45.9068;-76.9344;8;Rare;2004-10-04;Otawariverwathershed
45.879727;-73.153436;65;Commun;2018-07-15;hickorinutrichelieu
45.787297;-73.16501;1;Inexistant;2018-08-04;hickorinutrichelieu
45.691542;-73.191094;2;Inexistant;2018-08-11;hickorinutrichelieu
46.494327;-72.243913;7;Rare;2001-01-01;LakestrugeonRichelieu
46.741471;-71.294771;27;Commun;2001-01-01;LakestrugeonRichelieu
46.73927;-71.27312;3;Inexistant;2009-01-01;LakestrugeonRichelieu
46.73927;-71.27312;9;Rare;2010-01-01;LakestrugeonRichelieu
46.73927;-71.27312;1;Inexistant;2010-01-01;LakestrugeonRichelieu
46.678889;-71.808056;72;Commun;2011-01-01;LakestrugeonRichelieu
46.73927;-71.27312;8;Rare;2011-01-01;LakestrugeonRichelieu
46.73927;-71.27312;1;Inexistant;2011-01-01;LakestrugeonRichelieu
46.43312;-72.31781;0;Inexistant;2012-01-01;LakestrugeonRichelieu
46.390042;-72.442811;1;Inexistant;2012-01-01;LakestrugeonRichelieu
46.7401;-71.27348;40;Commun;2012-01-01;LakestrugeonRichelieu
46.73858;-71.2747;1;Inexistant;2012-01-01;LakestrugeonRichelieu
46.88393;-71.14274;1;Inexistant;2012-01-01;LakestrugeonRichelieu
46.84856;-71.1621;0;Inexistant;2013-01-01;LakestrugeonRichelieu
46.82455;-71.20467;0;Inexistant;2013-01-01;LakestrugeonRichelieu
46.88757;-71.14555;0;Inexistant;2014-01-01;LakestrugeonRichelieu
46.84939;-70.9794;0;Inexistant;2014-01-01;LakestrugeonRichelieu
46.87727;-71.14845;0;Inexistant;2014-01-01;LakestrugeonRichelieu
45.863056;-73.15;1;Inexistant;2009-06-16;LakestrugeonRichelieu
46.249444;-72.666111;1;Inexistant;1947-08-04;LakestrugeonRichelieu
46.417222;-72.305726;1;Inexistant;2012-01-01;LakestrugeonRichelieu
46.312778;-72.55;0;Inexistant;1985-07-25;LakestrugeonRichelieu
46.741471;-71.294771;27;Commun;1978-01-01;LakestrugeonRichelieu
46.485555;-72.245403;2;Inexistant;2001-01-01;LakestrugeonRichelieu
46.73927;-71.27312;2;Inexistant;2010-01-01;LakestrugeonRichelieu
46.73927;-71.27312;3;Inexistant;2010-01-01;LakestrugeonRichelieu
46.509995;-72.235701;5;Rare;2012-01-01;LakestrugeonRichelieu
46.64471;-71.66066;0;Inexistant;2013-01-01;LakestrugeonRichelieu
46.27708;-72.62141;0;Inexistant;2013-01-01;LakestrugeonRichelieu
46.82662964;-71.20430756;1;Inexistant;2013-01-01;LakestrugeonRichelieu
46.8851;-71.14344;10;Commun;2012-01-01;LakestrugeonRichelieu
46.84213;-71.19156;1;Inexistant;2014-01-01;LakestrugeonRichelieu
46.921111;-70.810278;0;Inexistant;1999-09-21;LakestrugeonRichelieu
45.863056;-73.15;1;Inexistant;2007-05-31;LakestrugeonRichelieu
45.863056;-73.15;1;Inexistant;2009-06-23;LakestrugeonRichelieu
46.88551;-71.14149;1;Inexistant;1991-01-01;LakestrugeonRichelieu
46.599167;-71.986111;4;Rare;1997-01-01;LakestrugeonRichelieu
47.03028;-70.7975;1;Inexistant;1999-01-01;LakestrugeonRichelieu
46.410239;-72.334867;1;Inexistant;2008-01-01;LakestrugeonRichelieu
46.432701;-72.300772;4;Rare;2008-01-01;LakestrugeonRichelieu
46.73927;-71.27312;4;Rare;2011-01-01;LakestrugeonRichelieu
46.88508;-71.14344;26;Commun;2012-01-01;LakestrugeonRichelieu
47.03826;-70.85442;0;Inexistant;2014-01-01;LakestrugeonRichelieu
46.88299;-71.14004;0;Inexistant;2014-01-01;LakestrugeonRichelieu
46.832054;-71.191797;0;Inexistant;2014-01-01;LakestrugeonRichelieu
46.73927;-71.27312;11;Commun;2009-01-01;LakestrugeonRichelieu
46.265833;-72.663889;0;Inexistant;1985-05-15;LakestrugeonRichelieu
46.265833;-72.663889;0;Inexistant;1985-05-28;LakestrugeonRichelieu
46.921111;-70.810278;0;Inexistant;1999-07-13;LakestrugeonRichelieu
45.863056;-73.15;1;Inexistant;2007-06-23;LakestrugeonRichelieu
46.415167;-72.371167;1;Inexistant;2008-09-23;LakestrugeonRichelieu
46.671667;-71.802778;1;Inexistant;1997-01-01;LakestrugeonRichelieu
46.94213333;-70.8581;3;Inexistant;2000-01-01;LakestrugeonRichelieu
46.496478;-72.248642;3;Inexistant;2008-01-01;LakestrugeonRichelieu
46.73927;-71.27312;8;Rare;2009-01-01;LakestrugeonRichelieu
46.73927;-71.27312;3;Inexistant;2009-01-01;LakestrugeonRichelieu
46.73927;-71.27312;6;Rare;2010-01-01;LakestrugeonRichelieu
46.73927;-71.27312;2;Inexistant;2011-01-01;LakestrugeonRichelieu
46.2795;-72.62225;0;Inexistant;2012-01-01;LakestrugeonRichelieu
46.404758;-72.407307;1;Inexistant;2012-01-01;LakestrugeonRichelieu
46.88389;-71.1434;1;Inexistant;2012-01-01;LakestrugeonRichelieu
46.88166;-71.13045;0;Inexistant;2013-01-01;LakestrugeonRichelieu
46.82580185;-71.20469666;16;Commun;2013-01-01;LakestrugeonRichelieu
46.87474;-71.14416;0;Inexistant;2014-01-01;LakestrugeonRichelieu
46.88166;-71.13045;0;Inexistant;2014-01-01;LakestrugeonRichelieu
46.253611;-72.676944;2;Inexistant;1972-07-19;LakestrugeonRichelieu
46.681389;-71.841389;3;Inexistant;1997-01-01;LakestrugeonRichelieu
46.661944;-71.776667;1;Inexistant;1997-01-01;LakestrugeonRichelieu
46.921111;-70.810278;0;Inexistant;1999-07-12;LakestrugeonRichelieu
46.921111;-70.810278;0;Inexistant;1999-09-21;LakestrugeonRichelieu
46.73927;-71.27312;1;Inexistant;2011-01-01;LakestrugeonRichelieu
46.456152;-72.238338;1;Inexistant;2008-01-01;LakestrugeonRichelieu
46.741471;-71.294771;38;Commun;1979-01-01;LakestrugeonRichelieu
46.463889;-72.258611;2;Inexistant;1996-01-01;LakestrugeonRichelieu
46.88477;-71.14315;10;Commun;2012-01-01;LakestrugeonRichelieu
46.82580185;-71.20469666;3;Inexistant;2013-01-01;LakestrugeonRichelieu
46.87316;-71.13155;12;Commun;2013-01-01;LakestrugeonRichelieu
46.73927;-71.27312;1;Inexistant;2010-01-01;LakestrugeonRichelieu
45.453333;-73.276111;1;Inexistant;1984-06-19;LakestrugeonRichelieu
46.599722;-71.997778;3;Inexistant;1997-01-01;LakestrugeonRichelieu
46.98236;-70.76319;3;Inexistant;2000-01-01;LakestrugeonRichelieu
46.420756;-72.323525;1;Inexistant;2008-01-01;LakestrugeonRichelieu
46.73927;-71.27312;1;Inexistant;2009-01-01;LakestrugeonRichelieu
46.73927;-71.27312;1;Inexistant;2010-01-01;LakestrugeonRichelieu
46.28076;-72.62843;0;Inexistant;2012-01-01;LakestrugeonRichelieu
46.90567;-71.07789;9;Rare;2013-01-01;LakestrugeonRichelieu
46.6688;-71.74739;0;Inexistant;2013-01-01;LakestrugeonRichelieu
46.82455;-71.20467;0;Inexistant;2013-01-01;LakestrugeonRichelieu
46.82529068;-71.2036438;20;Commun;2013-01-01;LakestrugeonRichelieu
46.825722;-71.201439;1;Inexistant;2014-01-01;LakestrugeonRichelieu
46.26978;-72.68958;2;Inexistant;2009-01-01;LakestrugeonRichelieu
46.312778;-72.55;0;Inexistant;1985-08-02;LakestrugeonRichelieu
45.863056;-73.15;1;Inexistant;2007-06-06;LakestrugeonRichelieu
46.91219;-71.08742;1;Inexistant;1991-01-01;LakestrugeonRichelieu
46.58428;-72.09015;1;Inexistant;1999-01-01;LakestrugeonRichelieu
46.43409;-72.333551;5;Rare;2001-01-01;LakestrugeonRichelieu
46.39731;-72.44432;1;Inexistant;2008-01-01;LakestrugeonRichelieu
46.73927;-71.27312;4;Rare;2008-01-01;LakestrugeonRichelieu
46.73927;-71.27312;1;Inexistant;2009-01-01;LakestrugeonRichelieu
46.73927;-71.27312;8;Rare;2010-01-01;LakestrugeonRichelieu
46.73927;-71.27312;4;Rare;2010-01-01;LakestrugeonRichelieu
46.73927;-71.27312;2;Inexistant;2011-01-01;LakestrugeonRichelieu
46.390004;-72.413156;1;Inexistant;2012-01-01;LakestrugeonRichelieu
46.82455;-71.20467;0;Inexistant;2013-01-01;LakestrugeonRichelieu
46.88315;-71.14292;14;Commun;2013-01-01;LakestrugeonRichelieu
46.83618;-71.19201;2;Inexistant;2014-01-01;LakestrugeonRichelieu
46.73927;-71.27312;4;Rare;2010-01-01;LakestrugeonRichelieu
46.250833;-72.665556;3;Inexistant;1972-07-19;LakestrugeonRichelieu
45.863056;-73.15;2;Inexistant;2009-06-16;LakestrugeonRichelieu
46.99972;-70.7625;6;Rare;2005-01-01;LakestrugeonRichelieu
46.67299;-71.88876;2;Inexistant;2006-01-01;LakestrugeonRichelieu
46.741471;-71.294771;1;Inexistant;2009-01-01;LakestrugeonRichelieu
46.73927;-71.27312;1;Inexistant;2009-01-01;LakestrugeonRichelieu
46.73927;-71.27312;2;Inexistant;2010-01-01;LakestrugeonRichelieu
46.84939;-70.9794;0;Inexistant;2012-01-01;LakestrugeonRichelieu
46.87727;-71.14845;0;Inexistant;2013-01-01;LakestrugeonRichelieu
46.84037018;-71.19270325;4;Rare;2013-01-01;LakestrugeonRichelieu
46.921111;-70.810278;0;Inexistant;1999-09-16;LakestrugeonRichelieu
46.67954;-71.88232;28;Commun;2006-01-01;LakestrugeonRichelieu
46.65155;-71.73981;3;Inexistant;2006-01-01;LakestrugeonRichelieu
46.88685;-71.14499;0;Inexistant;2012-01-01;LakestrugeonRichelieu
46.367855;-72.478877;1;Inexistant;2012-01-01;LakestrugeonRichelieu
46.39731;-72.44432;1;Inexistant;2012-01-01;LakestrugeonRichelieu
46.64973;-71.79095;0;Inexistant;2013-01-01;LakestrugeonRichelieu
46.82455;-71.20467;0;Inexistant;2013-01-01;LakestrugeonRichelieu
46.74084;-71.27445;13;Commun;2013-01-01;LakestrugeonRichelieu
46.87514;-71.14188;11;Commun;2013-01-01;LakestrugeonRichelieu
46.2774;-72.62063;0;Inexistant;2014-01-01;LakestrugeonRichelieu
46.312778;-72.55;0;Inexistant;1986-06-23;LakestrugeonRichelieu
46.66965;-71.74744;1;Inexistant;1995-01-01;LakestrugeonRichelieu
46.428333;-72.368611;1;Inexistant;1996-01-01;LakestrugeonRichelieu
46.741471;-71.294771;18;Commun;1996-01-01;LakestrugeonRichelieu
46.73927;-71.27312;2;Inexistant;2008-01-01;LakestrugeonRichelieu
46.73927;-71.27312;23;Commun;2009-01-01;LakestrugeonRichelieu
46.73927;-71.27312;40;Commun;2010-01-01;LakestrugeonRichelieu
46.73927;-71.27312;2;Inexistant;2011-01-01;LakestrugeonRichelieu
46.73927;-71.27312;1;Inexistant;2011-01-01;LakestrugeonRichelieu
46.88791;-71.11752;0;Inexistant;2012-01-01;LakestrugeonRichelieu
46.458331;-72.260141;1;Inexistant;2012-01-01;LakestrugeonRichelieu
46.92317;-70.78863;0;Inexistant;2013-01-01;LakestrugeonRichelieu
46.89203;-71.12298;0;Inexistant;2013-01-01;LakestrugeonRichelieu
46.27395;-72.6265;0;Inexistant;2013-01-01;LakestrugeonRichelieu
46.269817;-72.6894;2;Inexistant;2013-01-01;LakestrugeonRichelieu
46.943056;-70.761389;0;Inexistant;1999-09-16;LakestrugeonRichelieu
45.863056;-73.15;1;Inexistant;2007-06-22;LakestrugeonRichelieu
46.741471;-71.294771;19;Commun;1975-01-01;LakestrugeonRichelieu
46.6625;-71.634444;1;Inexistant;1997-01-01;LakestrugeonRichelieu
46.66801;-71.70291;1;Inexistant;1997-01-01;LakestrugeonRichelieu
46.67107;-71.87836;2;Inexistant;2006-01-01;LakestrugeonRichelieu
46.73927;-71.27312;7;Rare;2008-01-01;LakestrugeonRichelieu
46.73927;-71.27312;2;Inexistant;2008-01-01;LakestrugeonRichelieu
46.73927;-71.27312;11;Commun;2009-01-01;LakestrugeonRichelieu
46.74015;-71.27471;24;Commun;2012-01-01;LakestrugeonRichelieu
46.88551;-71.13294;14;Commun;2012-01-01;LakestrugeonRichelieu
46.88757;-71.14554;0;Inexistant;2013-01-01;LakestrugeonRichelieu
46.88412;-71.12531;0;Inexistant;2013-01-01;LakestrugeonRichelieu
46.88196;-71.14169;0;Inexistant;2013-01-01;LakestrugeonRichelieu
46.269733;-72.676433;2;Inexistant;2013-01-01;LakestrugeonRichelieu
46.82580185;-71.20469666;9;Rare;2013-01-01;LakestrugeonRichelieu
46.74073;-71.27624;6;Rare;2013-01-01;LakestrugeonRichelieu
46.28317;-72.62286;0;Inexistant;2014-01-01;LakestrugeonRichelieu
46.84006;-71.19501;1;Inexistant;2014-01-01;LakestrugeonRichelieu
46.294722;-72.562778;1;Inexistant;1972-08-15;LakestrugeonRichelieu
46.520556;-72.2425;3;Inexistant;1975-09-10;LakestrugeonRichelieu
46.264;-72.674333;10;Commun;2007-09-12;LakestrugeonRichelieu
45.863056;-73.15;3;Inexistant;2009-06-14;LakestrugeonRichelieu
46.93308;-71.02648;1;Inexistant;1973-01-01;LakestrugeonRichelieu
46.406389;-72.323333;1;Inexistant;1996-01-01;LakestrugeonRichelieu
46.678056;-71.883889;13;Commun;1997-01-01;LakestrugeonRichelieu
46.605278;-71.977778;2;Inexistant;1997-01-01;LakestrugeonRichelieu
46.580833;-72.022778;2;Inexistant;1997-01-01;LakestrugeonRichelieu
46.62125;-71.99057;1;Inexistant;1997-01-01;LakestrugeonRichelieu
47.0063;-70.7778;1;Inexistant;2006-01-01;LakestrugeonRichelieu
46.44428;-72.258198;6;Rare;2008-01-01;LakestrugeonRichelieu
46.495993;-72.225077;1;Inexistant;2008-01-01;LakestrugeonRichelieu
46.73927;-71.27312;1;Inexistant;2008-01-01;LakestrugeonRichelieu
46.73927;-71.27312;1;Inexistant;2008-01-01;LakestrugeonRichelieu
46.73927;-71.27312;6;Rare;2010-01-01;LakestrugeonRichelieu
46.73927;-71.27312;1;Inexistant;2010-01-01;LakestrugeonRichelieu
46.400278;-72.396075;2;Inexistant;2012-01-01;LakestrugeonRichelieu
46.82455;-71.20467;0;Inexistant;2013-01-01;LakestrugeonRichelieu
46.88387;-71.14129;0;Inexistant;2013-01-01;LakestrugeonRichelieu
46.83568954;-71.1890564;7;Rare;2013-01-01;LakestrugeonRichelieu
46.82486;-71.207291;1;Inexistant;2014-01-01;LakestrugeonRichelieu
45.965278;-73.145833;1;Inexistant;1970-08-05;LakestrugeonRichelieu
46.435883;-72.290833;3;Inexistant;2007-09-12;LakestrugeonRichelieu
46.6695;-71.79058;1;Inexistant;1975-01-01;LakestrugeonRichelieu
46.66965;-71.74744;1;Inexistant;1997-01-01;LakestrugeonRichelieu
46.58428;-72.09015;1;Inexistant;1999-01-01;LakestrugeonRichelieu
46.421034;-72.306653;1;Inexistant;2001-01-01;LakestrugeonRichelieu
46.741471;-71.294771;77;Commun;1960-01-01;LakestrugeonRichelieu
46.417778;-72.38;1;Inexistant;1996-01-01;LakestrugeonRichelieu
46.634444;-71.739444;3;Inexistant;1997-01-01;LakestrugeonRichelieu
46.99972222;-70.77944444;6;Rare;1999-01-01;LakestrugeonRichelieu
46.9753;-70.74015;30;Commun;2000-01-01;LakestrugeonRichelieu
46.63666;-71.75343;2;Inexistant;2006-01-01;LakestrugeonRichelieu
46.73927;-71.27312;1;Inexistant;2008-01-01;LakestrugeonRichelieu
46.73927;-71.27312;5;Rare;2010-01-01;LakestrugeonRichelieu
46.882991;-71.140039;0;Inexistant;2013-01-01;LakestrugeonRichelieu
46.82580185;-71.20469666;8;Rare;2013-01-01;LakestrugeonRichelieu
46.42083;-72.37402;0;Inexistant;2014-01-01;LakestrugeonRichelieu
46.87468;-71.1288;0;Inexistant;2014-01-01;LakestrugeonRichelieu
46.885278;-70.909444;1;Inexistant;1946-07-27;LakestrugeonRichelieu
46.312778;-72.55;0;Inexistant;1985-06-19;LakestrugeonRichelieu
46.93391;-71.05088;1;Inexistant;1991-01-01;LakestrugeonRichelieu
46.449444;-72.27;7;Rare;1996-01-01;LakestrugeonRichelieu
46.4325;-72.290556;10;Commun;1996-01-01;LakestrugeonRichelieu
46.975;-70.766667;7;Rare;1999-01-01;LakestrugeonRichelieu
46.390636;-72.465915;1;Inexistant;2008-01-01;LakestrugeonRichelieu
46.73927;-71.27312;1;Inexistant;2008-01-01;LakestrugeonRichelieu
46.73927;-71.27312;2;Inexistant;2010-01-01;LakestrugeonRichelieu
46.74017;-71.27241;0;Inexistant;2012-01-01;LakestrugeonRichelieu
46.882991;-71.140039;0;Inexistant;2012-01-01;LakestrugeonRichelieu
46.85071;-71.16173;20;Commun;2012-01-01;LakestrugeonRichelieu
46.88316;-71.14186;1;Inexistant;2012-01-01;LakestrugeonRichelieu
46.8837;-71.14134;1;Inexistant;2012-01-01;LakestrugeonRichelieu
46.87233;-71.13225;0;Inexistant;2013-01-01;LakestrugeonRichelieu
46.88356;-71.12796;0;Inexistant;2013-01-01;LakestrugeonRichelieu
46.82618;-71.203728;5;Rare;2014-01-01;LakestrugeonRichelieu
46.57482;-72.00262;2;Inexistant;2014-01-01;LakestrugeonRichelieu
46.265833;-72.663889;0;Inexistant;1986-09-23;LakestrugeonRichelieu
45.863056;-73.15;1;Inexistant;2007-06-10;LakestrugeonRichelieu
46.436667;-72.3316;1;Inexistant;2007-09-12;LakestrugeonRichelieu
45.863056;-73.15;3;Inexistant;2009-06-15;LakestrugeonRichelieu
46.741471;-71.294771;458;Commun;1962-01-01;LakestrugeonRichelieu
46.514444;-72.236667;15;Commun;1996-01-01;LakestrugeonRichelieu
46.99662;-70.77944444;4;Rare;2000-01-01;LakestrugeonRichelieu
46.467224;-72.240287;11;Commun;2001-01-01;LakestrugeonRichelieu
46.73927;-71.27312;1;Inexistant;2008-01-01;LakestrugeonRichelieu
46.73927;-71.27312;4;Rare;2009-01-01;LakestrugeonRichelieu
46.74114;-71.27578;8;Rare;2012-01-01;LakestrugeonRichelieu
46.88464;-71.14304;18;Commun;2012-01-01;LakestrugeonRichelieu
46.6629;-71.67599;0;Inexistant;2013-01-01;LakestrugeonRichelieu
46.86081;-70.98236;0;Inexistant;2013-01-01;LakestrugeonRichelieu
46.88608;-71.13377;0;Inexistant;2013-01-01;LakestrugeonRichelieu
46.2795;-72.62225;0;Inexistant;2013-01-01;LakestrugeonRichelieu
46.83763885;-71.18930817;5;Rare;2013-01-01;LakestrugeonRichelieu
46.82458;-71.20555;0;Inexistant;2014-01-01;LakestrugeonRichelieu
45.867778;-73.148056;3;Inexistant;1965-12-02;LakestrugeonRichelieu
45.863056;-73.15;4;Rare;2009-06-11;LakestrugeonRichelieu
46.741471;-71.294771;16;Commun;1964-01-01;LakestrugeonRichelieu
46.9592;-70.78318;2;Inexistant;1999-01-01;LakestrugeonRichelieu
46.741471;-71.294771;26;Commun;1999-01-01;LakestrugeonRichelieu
46.67459;-71.81972;9;Rare;2006-01-01;LakestrugeonRichelieu
46.65631;-71.75184;1;Inexistant;2006-01-01;LakestrugeonRichelieu
46.73927;-71.27312;5;Rare;2008-01-01;LakestrugeonRichelieu
46.73927;-71.27312;5;Rare;2009-01-01;LakestrugeonRichelieu
46.73927;-71.27312;2;Inexistant;2010-01-01;LakestrugeonRichelieu
46.73927;-71.27312;1;Inexistant;2010-01-01;LakestrugeonRichelieu
46.40553;-72.36986;0;Inexistant;2012-01-01;LakestrugeonRichelieu
46.44428;-72.258198;3;Inexistant;2012-01-01;LakestrugeonRichelieu
46.88348;-71.14274;2;Inexistant;2012-01-01;LakestrugeonRichelieu
46.88356;-71.14296;14;Commun;2012-01-01;LakestrugeonRichelieu
46.87707;-71.13255;0;Inexistant;2014-01-01;LakestrugeonRichelieu
46.823212;-71.204971;7;Rare;2014-01-01;LakestrugeonRichelieu
46.928333;-70.794722;0;Inexistant;1999-09-14;LakestrugeonRichelieu
46.7;-71.583;0;Inexistant;1900-01-00;LakestrugeonRichelieu
46.413761;-72.279261;0;Inexistant;1900-01-00;LakestrugeonRichelieu
46.291111;-72.57;2;Inexistant;1972-08-15;LakestrugeonRichelieu
45.863056;-73.15;1;Inexistant;2007-06-21;LakestrugeonRichelieu
45.863056;-73.15;1;Inexistant;2008-06-20;LakestrugeonRichelieu
46.928333;-70.794722;0;Inexistant;1999-09-14;LakestrugeonRichelieu
47.00133333;-70.80465;4;Rare;2002-01-01;LakestrugeonRichelieu
46.374924;-72.462859;5;Rare;2008-01-01;LakestrugeonRichelieu
46.478553;-72.253255;5;Rare;2008-01-01;LakestrugeonRichelieu
46.73927;-71.27312;13;Commun;2008-01-01;LakestrugeonRichelieu
46.73927;-71.27312;11;Commun;2008-01-01;LakestrugeonRichelieu
46.73927;-71.27312;1;Inexistant;2010-01-01;LakestrugeonRichelieu
46.963464;-70.76952;0;Inexistant;2012-01-01;LakestrugeonRichelieu
46.66793;-71.74565;2;Inexistant;2013-01-01;LakestrugeonRichelieu
46.88412;-71.12531;0;Inexistant;2014-01-01;LakestrugeonRichelieu
46.8877;-71.1228;0;Inexistant;2014-01-01;LakestrugeonRichelieu
46.8362;-71.19183;1;Inexistant;2015-01-01;LakestrugeonRichelieu
46.308889;-72.527778;1;Inexistant;1976-08-02;LakestrugeonRichelieu
46.95573333;-70.78313333;6;Rare;2000-01-01;LakestrugeonRichelieu
47.00621667;-70.7959;5;Rare;2000-01-01;LakestrugeonRichelieu
46.73927;-71.27312;4;Rare;2009-01-01;LakestrugeonRichelieu
46.88315;-71.14292;11;Commun;2010-01-01;LakestrugeonRichelieu
46.73927;-71.27312;1;Inexistant;2010-01-01;LakestrugeonRichelieu
46.27708;-72.62141;0;Inexistant;2012-01-01;LakestrugeonRichelieu
46.483494;-72.233128;3;Inexistant;2012-01-01;LakestrugeonRichelieu
46.74095;-71.27657;2;Inexistant;2012-01-01;LakestrugeonRichelieu
46.74052;-71.27575;6;Rare;2012-01-01;LakestrugeonRichelieu
46.87373;-71.13782;0;Inexistant;2014-01-01;LakestrugeonRichelieu
46.82486;-71.207291;3;Inexistant;2014-01-01;LakestrugeonRichelieu
46.91043;-70.84785;0;Inexistant;1953-04-10;LakestrugeonRichelieu
46.94845;-70.76965;1;Inexistant;2000-01-01;LakestrugeonRichelieu
46.427739;-72.280332;3;Inexistant;2001-01-01;LakestrugeonRichelieu
46.500593;-72.226188;2;Inexistant;2001-01-01;LakestrugeonRichelieu
46.75509;-71.27126;2;Inexistant;2005-01-01;LakestrugeonRichelieu
46.63648;-71.73912;5;Rare;2006-01-01;LakestrugeonRichelieu
46.73927;-71.27312;7;Rare;2008-01-01;LakestrugeonRichelieu
46.73927;-71.27312;6;Rare;2009-01-01;LakestrugeonRichelieu
46.73927;-71.27312;2;Inexistant;2009-01-01;LakestrugeonRichelieu
46.41105;-72.32549;0;Inexistant;2012-01-01;LakestrugeonRichelieu
46.83763885;-71.18930817;5;Rare;2013-01-01;LakestrugeonRichelieu
46.7407;-71.27512;5;Rare;2013-01-01;LakestrugeonRichelieu
46.8399;-71.20074;2;Inexistant;2014-01-01;LakestrugeonRichelieu
45.866944;-73.147778;1;Inexistant;1944-06-19;LakestrugeonRichelieu
45.863056;-73.15;1;Inexistant;2007-06-11;LakestrugeonRichelieu
46.5075;-72.233333;14;Commun;2008-09-24;LakestrugeonRichelieu
46.412222;-72.285833;19;Commun;1945-08-30;LakestrugeonRichelieu
45.863056;-73.15;2;Inexistant;2009-06-17;LakestrugeonRichelieu
45.863056;-73.15;2;Inexistant;2009-06-22;LakestrugeonRichelieu
46.265833;-72.663889;0;Inexistant;1985-05-28;LakestrugeonRichelieu
45.863889;-73.148611;3;Inexistant;1990-06-18;LakestrugeonRichelieu
46.928333;-70.794722;0;Inexistant;1999-09-15;LakestrugeonRichelieu
46.60359;-71.99283;3;Inexistant;2006-01-01;LakestrugeonRichelieu
46.68512;-71.86367;24;Commun;2006-01-01;LakestrugeonRichelieu
46.66188;-71.77666;8;Rare;2006-01-01;LakestrugeonRichelieu
46.73927;-71.27312;4;Rare;2009-01-01;LakestrugeonRichelieu
46.678889;-71.808056;129;Commun;2012-01-01;LakestrugeonRichelieu
46.82529068;-71.2036438;54;Commun;2013-01-01;LakestrugeonRichelieu
46.88492;-71.14256;8;Rare;2013-01-01;LakestrugeonRichelieu
46.92317;-70.78863;0;Inexistant;2014-01-01;LakestrugeonRichelieu
46.82602;-71.19289;0;Inexistant;2014-01-01;LakestrugeonRichelieu
46.265833;-72.663889;0;Inexistant;1985-05-28;LakestrugeonRichelieu
45.863056;-73.15;1;Inexistant;2007-06-10;LakestrugeonRichelieu
46.286667;-72.625;1;Inexistant;1972-08-17;LakestrugeonRichelieu
46.265833;-72.663889;0;Inexistant;1986-09-12;LakestrugeonRichelieu
46.99484;-70.94201;1;Inexistant;1973-01-01;LakestrugeonRichelieu
46.478553;-72.253255;1;Inexistant;2001-01-01;LakestrugeonRichelieu
46.255367;-72.6595;1;Inexistant;2007-01-01;LakestrugeonRichelieu
46.458331;-72.260141;1;Inexistant;2008-01-01;LakestrugeonRichelieu
46.452845;-72.249471;4;Rare;2008-01-01;LakestrugeonRichelieu
46.509995;-72.235701;6;Rare;2008-01-01;LakestrugeonRichelieu
46.73927;-71.27312;5;Rare;2008-01-01;LakestrugeonRichelieu
46.73927;-71.27312;6;Rare;2009-01-01;LakestrugeonRichelieu
46.73927;-71.27312;6;Rare;2009-01-01;LakestrugeonRichelieu
46.73927;-71.27312;7;Rare;2010-01-01;LakestrugeonRichelieu
46.26978;-72.68958;4;Rare;2011-01-01;LakestrugeonRichelieu
46.73927;-71.27312;13;Commun;2011-01-01;LakestrugeonRichelieu
46.884176;-71.12243;0;Inexistant;2012-01-01;LakestrugeonRichelieu
46.28313;-72.62351;0;Inexistant;2012-01-01;LakestrugeonRichelieu
46.478553;-72.253255;1;Inexistant;2012-01-01;LakestrugeonRichelieu
46.88416;-71.14094;2;Inexistant;2012-01-01;LakestrugeonRichelieu
46.41179;-72.36881;0;Inexistant;2013-01-01;LakestrugeonRichelieu
46.82455;-71.20467;0;Inexistant;2013-01-01;LakestrugeonRichelieu
46.27381;-72.61766;0;Inexistant;2013-01-01;LakestrugeonRichelieu
46.82580185;-71.20469666;14;Commun;2013-01-01;LakestrugeonRichelieu
46.88351;-71.14303;2;Inexistant;2013-01-01;LakestrugeonRichelieu
46.35122;-72.53262;0;Inexistant;2014-01-01;LakestrugeonRichelieu
46.84856;-71.1621;0;Inexistant;2014-01-01;LakestrugeonRichelieu
46.82563;-71.202423;1;Inexistant;2014-01-01;LakestrugeonRichelieu
46.829167;-71.133333;6;Rare;1946-09-18;LakestrugeonRichelieu
46.015;-73.130278;1;Inexistant;1970-08-06;LakestrugeonRichelieu
46.921111;-70.810278;0;Inexistant;1999-09-21;LakestrugeonRichelieu
45.863056;-73.15;1;Inexistant;2007-06-16;LakestrugeonRichelieu
46.403667;-72.373167;2;Inexistant;2008-09-23;LakestrugeonRichelieu
46.741471;-71.294771;11;Commun;1993-01-01;LakestrugeonRichelieu
46.645278;-71.652778;1;Inexistant;1997-01-01;LakestrugeonRichelieu
46.509995;-72.235701;6;Rare;2001-01-01;LakestrugeonRichelieu
46.7656;-71.25656;1;Inexistant;2005-01-01;LakestrugeonRichelieu
46.269817;-72.6894;6;Rare;2007-01-01;LakestrugeonRichelieu
46.40175;-72.350287;1;Inexistant;2008-01-01;LakestrugeonRichelieu
46.494327;-72.243913;1;Inexistant;2008-01-01;LakestrugeonRichelieu
46.73927;-71.27312;2;Inexistant;2009-01-01;LakestrugeonRichelieu
46.73927;-71.27312;3;Inexistant;2010-01-01;LakestrugeonRichelieu
46.73927;-71.27312;1;Inexistant;2010-01-01;LakestrugeonRichelieu
46.73927;-71.27312;2;Inexistant;2010-01-01;LakestrugeonRichelieu
46.73927;-71.27312;1;Inexistant;2010-01-01;LakestrugeonRichelieu
46.73927;-71.27312;24;Commun;2010-01-01;LakestrugeonRichelieu
46.408336;-72.322995;9;Rare;2012-01-01;LakestrugeonRichelieu
46.427739;-72.280332;13;Commun;2012-01-01;LakestrugeonRichelieu
46.74067;-71.2754;8;Rare;2012-01-01;LakestrugeonRichelieu
46.88364;-71.14265;5;Rare;2012-01-01;LakestrugeonRichelieu
46.88389;-71.1434;6;Rare;2012-01-01;LakestrugeonRichelieu
46.88389;-71.1434;1;Inexistant;2012-01-01;LakestrugeonRichelieu
46.42083;-72.37402;0;Inexistant;2013-01-01;LakestrugeonRichelieu
46.40868;-72.32565;0;Inexistant;2013-01-01;LakestrugeonRichelieu
46.72274;-71.41321;0;Inexistant;2013-01-01;LakestrugeonRichelieu
46.86743;-71.13421;0;Inexistant;2013-01-01;LakestrugeonRichelieu
46.74035;-71.27339;5;Rare;2013-01-01;LakestrugeonRichelieu
46.7393;-71.2738;8;Rare;2013-01-01;LakestrugeonRichelieu
46.6629;-71.67599;0;Inexistant;2014-01-01;LakestrugeonRichelieu
46.83629;-71.19197;4;Rare;2015-01-01;LakestrugeonRichelieu
46.264167;-72.680556;0;Inexistant;1983-07-12;LakestrugeonRichelieu
46.266111;-72.673333;0;Inexistant;1984-10-09;LakestrugeonRichelieu
46.741471;-71.294771;20;Commun;1988-01-01;LakestrugeonRichelieu
46.452845;-72.249471;1;Inexistant;2001-01-01;LakestrugeonRichelieu
46.73927;-71.27312;2;Inexistant;2010-01-01;LakestrugeonRichelieu
46.73927;-71.27312;1;Inexistant;2010-01-01;LakestrugeonRichelieu
46.74141;-71.27451;2;Inexistant;2012-01-01;LakestrugeonRichelieu
46.88469;-71.13355;0;Inexistant;2013-01-01;LakestrugeonRichelieu
46.82580185;-71.20469666;22;Commun;2013-01-01;LakestrugeonRichelieu
46.73923;-71.27423;3;Inexistant;2013-01-01;LakestrugeonRichelieu
46.658712;-71.899723;0;Inexistant;2014-01-01;LakestrugeonRichelieu
46.921111;-70.810278;0;Inexistant;1999-09-21;LakestrugeonRichelieu
45.863056;-73.15;1;Inexistant;2007-06-17;LakestrugeonRichelieu
45.863056;-73.15;5;Rare;2007-06-20;LakestrugeonRichelieu
46.741471;-71.294771;37;Commun;1983-01-01;LakestrugeonRichelieu
46.741471;-71.294771;13;Commun;1965-01-01;LakestrugeonRichelieu
46.73927;-71.27312;6;Rare;2011-01-01;LakestrugeonRichelieu
46.73927;-71.27312;2;Inexistant;2011-01-01;LakestrugeonRichelieu
46.389767;-72.456654;1;Inexistant;2012-01-01;LakestrugeonRichelieu
46.73931;-71.27414;7;Rare;2012-01-01;LakestrugeonRichelieu
46.87468;-71.1288;0;Inexistant;2013-01-01;LakestrugeonRichelieu
46.88316;-71.1429;4;Rare;2013-01-01;LakestrugeonRichelieu
46.27964;-72.62166;0;Inexistant;2014-01-01;LakestrugeonRichelieu
46.66966;-71.84526;3;Inexistant;2014-01-01;LakestrugeonRichelieu
45.864722;-73.15;3;Inexistant;1970-07-31;LakestrugeonRichelieu
46.741471;-71.294771;28;Commun;1961-01-01;LakestrugeonRichelieu
46.741471;-71.294771;20;Commun;1971-01-01;LakestrugeonRichelieu
46.68215;-71.89716;1;Inexistant;1975-01-01;LakestrugeonRichelieu
46.68814;-71.87394;3;Inexistant;1975-01-01;LakestrugeonRichelieu
46.58608;-72.04042;1;Inexistant;1975-01-01;LakestrugeonRichelieu
46.446111;-72.283611;1;Inexistant;1996-01-01;LakestrugeonRichelieu
46.588056;-72.021667;2;Inexistant;1997-01-01;LakestrugeonRichelieu
46.68959;-71.85178;1;Inexistant;1997-01-01;LakestrugeonRichelieu
46.25689;-72.67388;1;Inexistant;2002-01-01;LakestrugeonRichelieu
46.265833;-72.663889;0;Inexistant;1985-05-15;LakestrugeonRichelieu
46.74;-71.29;0;Inexistant;1900-01-00;LakestrugeonRichelieu
46.26919;-72.6737;6;Rare;2002-01-01;LakestrugeonRichelieu
46.386115;-72.41161;1;Inexistant;2008-01-01;LakestrugeonRichelieu
46.427739;-72.280332;8;Rare;2008-01-01;LakestrugeonRichelieu
46.467224;-72.240287;5;Rare;2008-01-01;LakestrugeonRichelieu
46.73927;-71.27312;4;Rare;2008-01-01;LakestrugeonRichelieu
46.73927;-71.27312;1;Inexistant;2008-01-01;LakestrugeonRichelieu
46.73927;-71.27312;9;Rare;2009-01-01;LakestrugeonRichelieu
46.88361;-71.14004;1;Inexistant;2012-01-01;LakestrugeonRichelieu
46.88428;-71.14234;3;Inexistant;2012-01-01;LakestrugeonRichelieu
46.84373856;-71.1905365;3;Inexistant;2013-01-01;LakestrugeonRichelieu
46.88551;-71.13294;18;Commun;2013-01-01;LakestrugeonRichelieu
46.74017;-71.27241;0;Inexistant;2014-01-01;LakestrugeonRichelieu
46.82815;-71.17082;1;Inexistant;2014-01-01;LakestrugeonRichelieu
45.863056;-73.15;1;Inexistant;2007-06-21;LakestrugeonRichelieu
46.249444;-72.666111;1;Inexistant;1946-08-09;LakestrugeonRichelieu
46.991667;-70.766667;10;Commun;1999-01-01;LakestrugeonRichelieu
46.73927;-71.27312;1;Inexistant;2008-01-01;LakestrugeonRichelieu
46.73927;-71.27312;16;Commun;2008-01-01;LakestrugeonRichelieu
46.73927;-71.27312;9;Rare;2010-01-01;LakestrugeonRichelieu
46.73927;-71.27312;1;Inexistant;2010-01-01;LakestrugeonRichelieu
46.427068;-72.291789;10;Commun;2012-01-01;LakestrugeonRichelieu
46.87514;-71.14188;8;Rare;2012-01-01;LakestrugeonRichelieu
46.90567;-71.07789;7;Rare;2012-01-01;LakestrugeonRichelieu
46.88413;-71.14177;1;Inexistant;2012-01-01;LakestrugeonRichelieu
46.66839;-71.7448;3;Inexistant;2013-01-01;LakestrugeonRichelieu
46.85071;-71.16173;70;Commun;2013-01-01;LakestrugeonRichelieu
46.625823;-71.950282;0;Inexistant;2014-01-01;LakestrugeonRichelieu
46.83363;-71.19242;3;Inexistant;2014-01-01;LakestrugeonRichelieu
46.57427;-72.00259;1;Inexistant;2014-01-01;LakestrugeonRichelieu
46.83618;-71.19191;1;Inexistant;2015-01-01;LakestrugeonRichelieu
46.052222;-73.114444;0;Inexistant;1945-04-23;LakestrugeonRichelieu
46.300556;-72.558611;1;Inexistant;1972-08-15;LakestrugeonRichelieu
46.266111;-72.673333;0;Inexistant;1984-07-01;LakestrugeonRichelieu
46.921111;-70.810278;0;Inexistant;1999-09-21;LakestrugeonRichelieu
45.864722;-73.147222;1;Inexistant;1944-07-04;LakestrugeonRichelieu
45.863056;-73.15;1;Inexistant;2007-06-07;LakestrugeonRichelieu
45.863056;-73.15;1;Inexistant;2007-06-18;LakestrugeonRichelieu
46.333333;-72.533833;5;Rare;2008-09-22;LakestrugeonRichelieu
45.863056;-73.15;3;Inexistant;2007-06-18;LakestrugeonRichelieu
46.741471;-71.294771;50;Commun;1976-01-01;LakestrugeonRichelieu
46.66561;-71.91065;1;Inexistant;1975-01-01;LakestrugeonRichelieu
46.425556;-72.304167;4;Rare;1996-01-01;LakestrugeonRichelieu
46.653611;-71.732778;2;Inexistant;1997-01-01;LakestrugeonRichelieu
46.68814;-71.87394;1;Inexistant;1999-01-01;LakestrugeonRichelieu
46.39782;-72.429939;1;Inexistant;2001-01-01;LakestrugeonRichelieu
46.413136;-72.386766;1;Inexistant;2001-01-01;LakestrugeonRichelieu
46.73927;-71.27312;3;Inexistant;2008-01-01;LakestrugeonRichelieu
46.73927;-71.27312;1;Inexistant;2008-01-01;LakestrugeonRichelieu
46.73927;-71.27312;10;Commun;2009-01-01;LakestrugeonRichelieu
46.73927;-71.27312;8;Rare;2011-01-01;LakestrugeonRichelieu
46.40431;-72.3355;0;Inexistant;2012-01-01;LakestrugeonRichelieu
47.03826;-70.85442;0;Inexistant;2012-01-01;LakestrugeonRichelieu
46.68369;-71.86562;0;Inexistant;2012-01-01;LakestrugeonRichelieu
46.381827;-72.471193;1;Inexistant;2012-01-01;LakestrugeonRichelieu
46.86677;-70.9842;0;Inexistant;2013-01-01;LakestrugeonRichelieu
46.87474;-71.14416;0;Inexistant;2013-01-01;LakestrugeonRichelieu
46.8889;-71.12845;0;Inexistant;2013-01-01;LakestrugeonRichelieu
46.26905;-72.658667;2;Inexistant;2013-01-01;LakestrugeonRichelieu
46.82619858;-71.20622253;1;Inexistant;2013-01-01;LakestrugeonRichelieu
46.74555;-71.34376;1;Inexistant;2013-01-01;LakestrugeonRichelieu
46.88287;-71.14266;3;Inexistant;2013-01-01;LakestrugeonRichelieu
46.83504;-71.19144;2;Inexistant;2015-01-01;LakestrugeonRichelieu
46.741471;-71.294771;5;Rare;1989-01-01;LakestrugeonRichelieu
46.7125;-71.508889;5;Rare;1997-01-01;LakestrugeonRichelieu
46.408336;-72.322995;2;Inexistant;2008-01-01;LakestrugeonRichelieu
46.73927;-71.27312;1;Inexistant;2008-01-01;LakestrugeonRichelieu
46.73927;-71.27312;5;Rare;2010-01-01;LakestrugeonRichelieu
46.73927;-71.27312;4;Rare;2011-01-01;LakestrugeonRichelieu
46.73927;-71.27312;1;Inexistant;2011-01-01;LakestrugeonRichelieu
46.857171;-70.981257;0;Inexistant;2012-01-01;LakestrugeonRichelieu
46.874965;-71.146857;0;Inexistant;2012-01-01;LakestrugeonRichelieu
46.43687;-72.281511;8;Rare;2012-01-01;LakestrugeonRichelieu
46.5375;-72.214;6;Rare;2008-09-24;LakestrugeonRichelieu
46.419722;-72.289722;1;Inexistant;1996-01-01;LakestrugeonRichelieu
46.99741;-70.77944444;1;Inexistant;2000-01-01;LakestrugeonRichelieu
46.420756;-72.323525;2;Inexistant;2001-01-01;LakestrugeonRichelieu
46.421626;-72.374592;3;Inexistant;2001-01-01;LakestrugeonRichelieu
46.449961;-72.266369;3;Inexistant;2001-01-01;LakestrugeonRichelieu
46.9592;-70.78318;19;Commun;2002-01-01;LakestrugeonRichelieu
46.73927;-71.27312;5;Rare;2009-01-01;LakestrugeonRichelieu
46.741471;-71.29492;62;Commun;2011-01-01;LakestrugeonRichelieu
46.67433;-71.85458;0;Inexistant;2013-01-01;LakestrugeonRichelieu
46.84037018;-71.19270325;5;Rare;2013-01-01;LakestrugeonRichelieu
46.71277;-71.41285;0;Inexistant;2014-01-01;LakestrugeonRichelieu
46.8865;-71.11694;0;Inexistant;2014-01-01;LakestrugeonRichelieu
46.628889;-71.741667;1;Inexistant;1947-06-16;LakestrugeonRichelieu
45.863056;-73.15;3;Inexistant;2006-06-26;LakestrugeonRichelieu
45.863056;-73.15;1;Inexistant;2007-05-29;LakestrugeonRichelieu
46.73371;-71.37896;1;Inexistant;1997-01-01;LakestrugeonRichelieu
46.97028333;-70.7321;1;Inexistant;2000-01-01;LakestrugeonRichelieu
46.73927;-71.27312;1;Inexistant;2010-01-01;LakestrugeonRichelieu
46.42083;-72.37402;0;Inexistant;2012-01-01;LakestrugeonRichelieu
46.411389;-72.34797;6;Rare;2012-01-01;LakestrugeonRichelieu
46.87316;-71.13155;19;Commun;2012-01-01;LakestrugeonRichelieu
46.82618;-71.203728;1;Inexistant;2014-01-01;LakestrugeonRichelieu
46.73844;-71.2745;26;Commun;2013-01-01;LakestrugeonRichelieu
46.823212;-71.204971;3;Inexistant;2014-01-01;LakestrugeonRichelieu
46.278056;-72.601667;1;Inexistant;1972-08-17;LakestrugeonRichelieu
46.921111;-70.810278;0;Inexistant;1999-09-14;LakestrugeonRichelieu
45.863056;-73.15;1;Inexistant;2007-06-08;LakestrugeonRichelieu
46.344;-72.507;1;Inexistant;2008-09-23;LakestrugeonRichelieu
46.684722;-71.854167;19;Commun;1997-01-01;LakestrugeonRichelieu
46.665833;-71.788611;1;Inexistant;1997-01-01;LakestrugeonRichelieu
46.741471;-71.294771;32;Commun;2002-01-01;LakestrugeonRichelieu
46.741471;-71.294771;22;Commun;2003-01-01;LakestrugeonRichelieu
46.67818;-71.83184;4;Rare;2006-01-01;LakestrugeonRichelieu
46.741471;-71.294771;33;Commun;2007-01-01;LakestrugeonRichelieu
46.73927;-71.27312;10;Commun;2008-01-01;LakestrugeonRichelieu
46.741471;-71.294771;197;Commun;2009-01-01;LakestrugeonRichelieu
46.73927;-71.27312;1;Inexistant;2010-01-01;LakestrugeonRichelieu
46.73927;-71.27312;6;Rare;2010-01-01;LakestrugeonRichelieu
46.8463;-70.978;0;Inexistant;2013-01-01;LakestrugeonRichelieu
46.72274;-71.41321;0;Inexistant;2014-01-01;LakestrugeonRichelieu
46.8889;-71.12845;0;Inexistant;2014-01-01;LakestrugeonRichelieu
46.67433;-71.85458;0;Inexistant;2014-01-01;LakestrugeonRichelieu
46.823212;-71.204971;1;Inexistant;2014-01-01;LakestrugeonRichelieu
46.67937;-71.81099;1;Inexistant;1997-01-01;LakestrugeonRichelieu
46.69554;-71.60226;1;Inexistant;1997-01-01;LakestrugeonRichelieu
46.99972;-70.7625;10;Commun;2003-01-01;LakestrugeonRichelieu
46.66253;-71.8129;1;Inexistant;2006-01-01;LakestrugeonRichelieu
46.65719;-71.80013;1;Inexistant;2006-01-01;LakestrugeonRichelieu
46.73927;-71.27312;1;Inexistant;2009-01-01;LakestrugeonRichelieu
46.73927;-71.27312;1;Inexistant;2010-01-01;LakestrugeonRichelieu
46.927572;-71.047442;0;Inexistant;2012-01-01;LakestrugeonRichelieu
46.66942;-71.74821;0;Inexistant;2013-01-01;LakestrugeonRichelieu
47.035;-70.85056;0;Inexistant;2013-01-01;LakestrugeonRichelieu
46.87707;-71.13255;0;Inexistant;2013-01-01;LakestrugeonRichelieu
46.28076;-72.62843;0;Inexistant;2013-01-01;LakestrugeonRichelieu
46.7393;-71.2738;0;Inexistant;2013-01-01;LakestrugeonRichelieu
46.82529068;-71.2036438;1;Inexistant;2013-01-01;LakestrugeonRichelieu
46.60956;-72.0091;1;Inexistant;1997-01-01;LakestrugeonRichelieu
46.435357;-72.268921;18;Commun;2008-01-01;LakestrugeonRichelieu
46.73927;-71.27312;1;Inexistant;2008-01-01;LakestrugeonRichelieu
46.73927;-71.27312;3;Inexistant;2010-01-01;LakestrugeonRichelieu
46.73927;-71.27312;1;Inexistant;2010-01-01;LakestrugeonRichelieu
46.73927;-71.27312;8;Rare;2011-01-01;LakestrugeonRichelieu
46.43409;-72.333551;1;Inexistant;2012-01-01;LakestrugeonRichelieu
46.88309;-71.14337;7;Rare;2012-01-01;LakestrugeonRichelieu
46.87969;-71.12392;0;Inexistant;2013-01-01;LakestrugeonRichelieu
46.73985;-71.27435;31;Commun;2013-01-01;LakestrugeonRichelieu
46.85717;-70.98126;0;Inexistant;2014-01-01;LakestrugeonRichelieu
46.837966;-71.155413;0;Inexistant;2014-01-01;LakestrugeonRichelieu
46.66158;-71.7009;1;Inexistant;2014-01-01;LakestrugeonRichelieu
46.8304;-71.17044;0;Inexistant;1946-09-09;LakestrugeonRichelieu
46.2835;-72.617333;94;Commun;2007-09-12;LakestrugeonRichelieu
46.5055;-72.239833;2;Inexistant;2008-09-24;LakestrugeonRichelieu
45.863056;-73.15;6;Rare;2009-06-25;LakestrugeonRichelieu
46.98286;-70.95867;1;Inexistant;1991-01-01;LakestrugeonRichelieu
46.660278;-71.763333;1;Inexistant;1997-01-01;LakestrugeonRichelieu
46.69324;-71.62438;1;Inexistant;1997-01-01;LakestrugeonRichelieu
46.94491667;-70.76745;1;Inexistant;2000-01-01;LakestrugeonRichelieu
46.381827;-72.471193;1;Inexistant;2001-01-01;LakestrugeonRichelieu
46.57753;-72.0064;1;Inexistant;2006-01-01;LakestrugeonRichelieu
46.73927;-71.27312;6;Rare;2008-01-01;LakestrugeonRichelieu
46.73927;-71.27312;1;Inexistant;2009-01-01;LakestrugeonRichelieu
46.74118;-71.27482;1;Inexistant;2012-01-01;LakestrugeonRichelieu
46.54573;-72.19023;0;Inexistant;2013-01-01;LakestrugeonRichelieu
46.40553;-72.36986;0;Inexistant;2013-01-01;LakestrugeonRichelieu
46.927572;-71.047442;0;Inexistant;2013-01-01;LakestrugeonRichelieu
46.82455;-71.20467;0;Inexistant;2013-01-01;LakestrugeonRichelieu
46.7377;-71.27715;41;Commun;2013-01-01;LakestrugeonRichelieu
46.64471;-71.66066;0;Inexistant;2014-01-01;LakestrugeonRichelieu
46.83006;-71.16737;1;Inexistant;2014-01-01;LakestrugeonRichelieu
46.83625;-71.19231;1;Inexistant;2015-01-01;LakestrugeonRichelieu
45.863056;-73.15;1;Inexistant;2007-06-12;LakestrugeonRichelieu
46.25845;-72.663;7;Rare;2007-09-12;LakestrugeonRichelieu
46.741471;-71.294771;31;Commun;1986-01-01;LakestrugeonRichelieu
46.458333;-72.260833;1;Inexistant;1996-01-01;LakestrugeonRichelieu
46.676111;-71.823333;3;Inexistant;1997-01-01;LakestrugeonRichelieu
46.592778;-72.0075;1;Inexistant;1997-01-01;LakestrugeonRichelieu
46.635833;-71.710278;7;Rare;1997-01-01;LakestrugeonRichelieu
46.741471;-71.294771;15;Commun;1997-01-01;LakestrugeonRichelieu
46.73927;-71.27312;9;Rare;2008-01-01;LakestrugeonRichelieu
46.73927;-71.27312;1;Inexistant;2008-01-01;LakestrugeonRichelieu
46.73927;-71.27312;1;Inexistant;2009-01-01;LakestrugeonRichelieu
46.410239;-72.334867;5;Rare;2012-01-01;LakestrugeonRichelieu
46.452845;-72.249471;5;Rare;2012-01-01;LakestrugeonRichelieu
46.73862;-71.27479;32;Commun;2012-01-01;LakestrugeonRichelieu
46.87015;-71.14675;0;Inexistant;2013-01-01;LakestrugeonRichelieu
46.83568954;-71.1890564;1;Inexistant;2013-01-01;LakestrugeonRichelieu
46.88345;-71.14263;7;Rare;2013-01-01;LakestrugeonRichelieu
46.27406;-72.61729;0;Inexistant;2014-01-01;LakestrugeonRichelieu
46.65901;-71.73914;1;Inexistant;2014-01-01;LakestrugeonRichelieu
46.741471;-71.294771;7;Rare;1973-01-01;LakestrugeonRichelieu
46.667222;-71.654444;1;Inexistant;1997-01-01;LakestrugeonRichelieu
46.670278;-71.878889;5;Rare;1997-01-01;LakestrugeonRichelieu
46.59649;-72.02549;1;Inexistant;1997-01-01;LakestrugeonRichelieu
46.94401667;-70.8052;4;Rare;2000-01-01;LakestrugeonRichelieu
46.59157;-72.0105;3;Inexistant;2006-01-01;LakestrugeonRichelieu
46.741471;-71.294771;67;Commun;2008-01-01;LakestrugeonRichelieu
46.73927;-71.27312;1;Inexistant;2010-01-01;LakestrugeonRichelieu
46.73927;-71.27312;1;Inexistant;2010-01-01;LakestrugeonRichelieu
46.73927;-71.27312;6;Rare;2011-01-01;LakestrugeonRichelieu
46.86743;-71.13421;0;Inexistant;2014-01-01;LakestrugeonRichelieu
46.825722;-71.201439;16;Commun;2014-01-01;LakestrugeonRichelieu
46.44428;-72.258198;11;Commun;2001-01-01;LakestrugeonRichelieu
47.00564;-70.95912;2;Inexistant;2003-01-01;LakestrugeonRichelieu
46.412772;-72.368595;2;Inexistant;2008-01-01;LakestrugeonRichelieu
46.73927;-71.27312;1;Inexistant;2010-01-01;LakestrugeonRichelieu
46.423058;-72.35503;1;Inexistant;2012-01-01;LakestrugeonRichelieu
46.74035;-71.27595;1;Inexistant;2012-01-01;LakestrugeonRichelieu
46.74104;-71.2747;1;Inexistant;2012-01-01;LakestrugeonRichelieu
46.82440948;-71.20211029;37;Commun;2013-01-01;LakestrugeonRichelieu
46.91019;-71.09029;17;Commun;2013-01-01;LakestrugeonRichelieu
45.808056;-73.151389;1;Inexistant;1970-07-24;LakestrugeonRichelieu
45.455;-73.272222;1;Inexistant;1984-05-23;LakestrugeonRichelieu
45.863056;-73.15;4;Rare;2009-06-12;LakestrugeonRichelieu
45.863056;-73.15;1;Inexistant;2009-06-15;LakestrugeonRichelieu
46.636389;-71.693333;5;Rare;1997-01-01;LakestrugeonRichelieu
46.73927;-71.27312;1;Inexistant;2009-01-01;LakestrugeonRichelieu
46.73927;-71.27312;1;Inexistant;2009-01-01;LakestrugeonRichelieu
46.73927;-71.27312;3;Inexistant;2010-01-01;LakestrugeonRichelieu
46.73927;-71.27312;3;Inexistant;2010-01-01;LakestrugeonRichelieu
47.035;-70.85056;0;Inexistant;2012-01-01;LakestrugeonRichelieu
46.87371;-71.140547;0;Inexistant;2012-01-01;LakestrugeonRichelieu
46.889169;-71.123942;0;Inexistant;2012-01-01;LakestrugeonRichelieu
46.74155;-71.27463;3;Inexistant;2012-01-01;LakestrugeonRichelieu
46.82429886;-71.20540619;6;Rare;2013-01-01;LakestrugeonRichelieu
46.73988;-71.27436;14;Commun;2013-01-01;LakestrugeonRichelieu
46.8645;-70.9833;0;Inexistant;2014-01-01;LakestrugeonRichelieu
46.921111;-70.810278;0;Inexistant;1999-09-15;LakestrugeonRichelieu
46.741471;-71.294771;24;Commun;2004-01-01;LakestrugeonRichelieu
46.68207;-71.84474;12;Commun;2006-01-01;LakestrugeonRichelieu
46.427068;-72.291789;5;Rare;2008-01-01;LakestrugeonRichelieu
46.73927;-71.27312;1;Inexistant;2010-01-01;LakestrugeonRichelieu
46.92317;-70.78863;0;Inexistant;2012-01-01;LakestrugeonRichelieu
46.88465;-71.14298;3;Inexistant;2012-01-01;LakestrugeonRichelieu
46.88389;-71.1434;1;Inexistant;2012-01-01;LakestrugeonRichelieu
46.82455;-71.20467;0;Inexistant;2013-01-01;LakestrugeonRichelieu
46.82210922;-71.212883;1;Inexistant;2013-01-01;LakestrugeonRichelieu
46.741471;-71.295054;62;Commun;2013-01-01;LakestrugeonRichelieu
45.863056;-73.15;1;Inexistant;2007-06-12;LakestrugeonRichelieu
46.439683;-72.340067;2;Inexistant;2007-09-12;LakestrugeonRichelieu
46.741471;-71.294771;119;Commun;1982-01-01;LakestrugeonRichelieu
46.94845;-70.84161667;16;Commun;2000-01-01;LakestrugeonRichelieu
46.9597;-70.7805;4;Rare;2000-01-01;LakestrugeonRichelieu
46.9595;-70.77521667;10;Commun;2000-01-01;LakestrugeonRichelieu
46.73927;-71.27312;4;Rare;2009-01-01;LakestrugeonRichelieu
46.73914;-71.27452;4;Rare;2012-01-01;LakestrugeonRichelieu
46.88356;-71.12796;2;Inexistant;2012-01-01;LakestrugeonRichelieu
46.74017;-71.27241;0;Inexistant;2013-01-01;LakestrugeonRichelieu
46.86952;-71.13988;0;Inexistant;2013-01-01;LakestrugeonRichelieu
46.88257;-71.14159;1;Inexistant;2013-01-01;LakestrugeonRichelieu
47.035;-70.85056;0;Inexistant;2014-01-01;LakestrugeonRichelieu
46.8537;-70.98;0;Inexistant;2014-01-01;LakestrugeonRichelieu
46.83957;-71.19473;8;Rare;2014-01-01;LakestrugeonRichelieu
46.82939;-71.16883;3;Inexistant;2014-01-01;LakestrugeonRichelieu
45.867778;-73.148056;1;Inexistant;1970-07-31;LakestrugeonRichelieu
45.863056;-73.15;3;Inexistant;2009-06-18;LakestrugeonRichelieu
46.657222;-71.74;2;Inexistant;1997-01-01;LakestrugeonRichelieu
46.658889;-71.890833;1;Inexistant;1997-01-01;LakestrugeonRichelieu
46.644444;-71.78;2;Inexistant;1997-01-01;LakestrugeonRichelieu
46.58428;-72.09015;1;Inexistant;1999-01-01;LakestrugeonRichelieu
46.27381;-72.61766;0;Inexistant;2012-01-01;LakestrugeonRichelieu
46.88339;-71.1427;2;Inexistant;2012-01-01;LakestrugeonRichelieu
46.88193;-71.14111;0;Inexistant;2013-01-01;LakestrugeonRichelieu
46.83568954;-71.1890564;3;Inexistant;2013-01-01;LakestrugeonRichelieu
46.88433;-71.14309;4;Rare;2013-01-01;LakestrugeonRichelieu
46.86081;-70.98236;0;Inexistant;2014-01-01;LakestrugeonRichelieu
46.87929;-71.14503;0;Inexistant;2014-01-01;LakestrugeonRichelieu
46.826405;-71.178766;0;Inexistant;2014-01-01;LakestrugeonRichelieu
46.265833;-72.663889;0;Inexistant;1985-05-01;LakestrugeonRichelieu
45.863056;-73.15;1;Inexistant;2007-05-29;LakestrugeonRichelieu
46.259167;-72.684333;1;Inexistant;2007-09-12;LakestrugeonRichelieu
46.484444;-72.251944;1;Inexistant;1996-01-01;LakestrugeonRichelieu
46.641111;-71.715556;1;Inexistant;1997-01-01;LakestrugeonRichelieu
46.99972222;-70.77944444;4;Rare;2000-01-01;LakestrugeonRichelieu
46.436986;-72.301836;1;Inexistant;2001-01-01;LakestrugeonRichelieu
46.73927;-71.27312;7;Rare;2009-01-01;LakestrugeonRichelieu
46.73927;-71.27312;1;Inexistant;2010-01-01;LakestrugeonRichelieu
46.73925;-71.27291;2;Inexistant;2012-01-01;LakestrugeonRichelieu
46.91019;-71.09029;7;Rare;2012-01-01;LakestrugeonRichelieu
46.88389;-71.1434;1;Inexistant;2012-01-01;LakestrugeonRichelieu
46.8537;-70.98;0;Inexistant;2013-01-01;LakestrugeonRichelieu
46.82440948;-71.20211029;3;Inexistant;2013-01-01;LakestrugeonRichelieu
46.88329;-71.14112;1;Inexistant;2013-01-01;LakestrugeonRichelieu
46.943056;-70.761389;0;Inexistant;1999-07-09;LakestrugeonRichelieu
46.921111;-70.810278;0;Inexistant;1999-09-21;LakestrugeonRichelieu
45.863056;-73.15;3;Inexistant;2009-06-22;LakestrugeonRichelieu
46.515278;-72.234444;10;Commun;1996-01-01;LakestrugeonRichelieu
46.99428;-70.97487;1;Inexistant;1973-01-01;LakestrugeonRichelieu
46.90987;-71.06632;1;Inexistant;1989-01-01;LakestrugeonRichelieu
46.639167;-71.677778;1;Inexistant;1997-01-01;LakestrugeonRichelieu
46.40667;-72.42061;1;Inexistant;2001-01-01;LakestrugeonRichelieu
46.411389;-72.34797;2;Inexistant;2001-01-01;LakestrugeonRichelieu
46.99972;-70.7625;7;Rare;2002-01-01;LakestrugeonRichelieu
46.40667;-72.42061;2;Inexistant;2008-01-01;LakestrugeonRichelieu
46.73927;-71.27312;3;Inexistant;2008-01-01;LakestrugeonRichelieu
46.741471;-71.294876;59;Commun;2010-01-01;LakestrugeonRichelieu
46.86677;-70.9842;0;Inexistant;2012-01-01;LakestrugeonRichelieu
46.871197;-71.127929;0;Inexistant;2012-01-01;LakestrugeonRichelieu
46.88536;-71.14154;2;Inexistant;2012-01-01;LakestrugeonRichelieu
46.83522;-71.19173;2;Inexistant;2015-01-01;LakestrugeonRichelieu
46.84404;-71.20166;1;Inexistant;2014-01-01;LakestrugeonRichelieu
45.872222;-73.151944;2;Inexistant;1970-07-31;LakestrugeonRichelieu
46.520278;-72.249444;1;Inexistant;1975-07-23;LakestrugeonRichelieu
46.62701;-71.97651;3;Inexistant;1975-01-01;LakestrugeonRichelieu
46.496667;-72.224444;1;Inexistant;1996-01-01;LakestrugeonRichelieu
46.707778;-71.43;1;Inexistant;1997-01-01;LakestrugeonRichelieu
46.67705;-71.66283;1;Inexistant;1999-01-01;LakestrugeonRichelieu
46.99972;-70.7625;6;Rare;2004-01-01;LakestrugeonRichelieu
46.73927;-71.27312;12;Commun;2008-01-01;LakestrugeonRichelieu
46.73927;-71.27312;1;Inexistant;2010-01-01;LakestrugeonRichelieu
46.73927;-71.27312;3;Inexistant;2011-01-01;LakestrugeonRichelieu
46.73927;-71.27312;7;Rare;2011-01-01;LakestrugeonRichelieu
46.456152;-72.238338;1;Inexistant;2012-01-01;LakestrugeonRichelieu
46.678889;-71.808056;159;Commun;2013-01-01;LakestrugeonRichelieu
46.825359;-71.197342;8;Rare;2014-01-01;LakestrugeonRichelieu
46.83885;-71.20418;1;Inexistant;2014-01-01;LakestrugeonRichelieu
46.291389;-72.600556;1;Inexistant;1972-08-16;LakestrugeonRichelieu
46.289722;-72.608611;4;Rare;1972-08-17;LakestrugeonRichelieu
45.863056;-73.15;1;Inexistant;2007-06-17;LakestrugeonRichelieu
46.741471;-71.294771;244;Commun;1963-01-01;LakestrugeonRichelieu
46.64;-71.768056;1;Inexistant;1997-01-01;LakestrugeonRichelieu
46.95803333;-70.78191667;40;Commun;2000-01-01;LakestrugeonRichelieu
46.96855;-70.75965;1;Inexistant;2000-01-01;LakestrugeonRichelieu
46.495993;-72.225077;2;Inexistant;2001-01-01;LakestrugeonRichelieu
46.2788;-72.70534;7;Rare;2002-01-01;LakestrugeonRichelieu
46.24652;-72.67404;2;Inexistant;2002-01-01;LakestrugeonRichelieu
46.26905;-72.658667;6;Rare;2007-01-01;LakestrugeonRichelieu
46.401826;-72.3661;3;Inexistant;2008-01-01;LakestrugeonRichelieu
46.421626;-72.374592;1;Inexistant;2008-01-01;LakestrugeonRichelieu
46.74085;-71.27614;1;Inexistant;2012-01-01;LakestrugeonRichelieu
46.8645;-70.9833;0;Inexistant;2013-01-01;LakestrugeonRichelieu
46.82580185;-71.20469666;11;Commun;2013-01-01;LakestrugeonRichelieu
46.89203;-71.12298;0;Inexistant;2014-01-01;LakestrugeonRichelieu
46.8376389;-71.189308;1;Inexistant;2013-01-01;LakestrugeonRichelieu
46.87845;-71.1388;0;Inexistant;2014-01-01;LakestrugeonRichelieu
46.82618;-71.203728;5;Rare;2014-01-01;LakestrugeonRichelieu
46.921111;-70.810278;0;Inexistant;1999-09-21;LakestrugeonRichelieu
46.741471;-71.294771;41;Commun;1977-01-01;LakestrugeonRichelieu
46.741471;-71.294771;24;Commun;1981-01-01;LakestrugeonRichelieu
46.6695;-71.79058;1;Inexistant;1997-01-01;LakestrugeonRichelieu
46.390004;-72.413156;1;Inexistant;2001-01-01;LakestrugeonRichelieu
46.500593;-72.226188;1;Inexistant;2008-01-01;LakestrugeonRichelieu
46.73927;-71.27312;9;Rare;2011-01-01;LakestrugeonRichelieu
46.879292;-71.145025;0;Inexistant;2013-01-01;LakestrugeonRichelieu
46.8865;-71.11694;0;Inexistant;2013-01-01;LakestrugeonRichelieu
46.40553;-72.36986;0;Inexistant;2014-01-01;LakestrugeonRichelieu
46.65237;-71.67166;0;Inexistant;2014-01-01;LakestrugeonRichelieu
46.421034;-72.306653;10;Commun;2008-01-01;LakestrugeonRichelieu
46.73927;-71.27312;6;Rare;2009-01-01;LakestrugeonRichelieu
46.73927;-71.27312;4;Rare;2009-01-01;LakestrugeonRichelieu
46.73927;-71.27312;6;Rare;2009-01-01;LakestrugeonRichelieu
46.73927;-71.27312;1;Inexistant;2011-01-01;LakestrugeonRichelieu
46.405237;-72.372321;3;Inexistant;2012-01-01;LakestrugeonRichelieu
46.513647;-72.236744;1;Inexistant;2012-01-01;LakestrugeonRichelieu
46.52057;-72.22758;0;Inexistant;2013-01-01;LakestrugeonRichelieu
47.03826;-70.85442;0;Inexistant;2013-01-01;LakestrugeonRichelieu
46.41696;-72.3682;0;Inexistant;2014-01-01;LakestrugeonRichelieu
46.622428;-71.946271;0;Inexistant;2014-01-01;LakestrugeonRichelieu
46.825359;-71.197342;7;Rare;2014-01-01;LakestrugeonRichelieu
45.741389;-73.193056;1;Inexistant;1970-07-20;LakestrugeonRichelieu
46.253611;-72.658333;1;Inexistant;1972-08-22;LakestrugeonRichelieu
46.921111;-70.810278;0;Inexistant;1999-09-14;LakestrugeonRichelieu
46.3785;-72.457167;7;Rare;2008-09-23;LakestrugeonRichelieu
45.863056;-73.15;1;Inexistant;2009-06-18;LakestrugeonRichelieu
45.938333;-73.150278;1;Inexistant;1970-08-11;LakestrugeonRichelieu
46.273611;-72.616944;1;Inexistant;1972-08-17;LakestrugeonRichelieu
46.265833;-72.663889;0;Inexistant;1985-05-29;LakestrugeonRichelieu
46.741471;-71.294771;6;Rare;1991-01-01;LakestrugeonRichelieu
46.67454;-71.86733;1;Inexistant;2006-01-01;LakestrugeonRichelieu
46.99972222;-70.77944444;7;Rare;2007-01-01;LakestrugeonRichelieu
46.73927;-71.27312;7;Rare;2008-01-01;LakestrugeonRichelieu
46.73927;-71.27312;1;Inexistant;2008-01-01;LakestrugeonRichelieu
46.872453;-71.134238;0;Inexistant;2012-01-01;LakestrugeonRichelieu
46.878036;-71.138715;0;Inexistant;2012-01-01;LakestrugeonRichelieu
46.412772;-72.368595;2;Inexistant;2012-01-01;LakestrugeonRichelieu
46.73805;-71.27608;1;Inexistant;2012-01-01;LakestrugeonRichelieu
46.82410049;-71.20744324;2;Inexistant;2013-01-01;LakestrugeonRichelieu
46.74082;-71.27596;9;Rare;2013-01-01;LakestrugeonRichelieu
46.825359;-71.197342;3;Inexistant;2014-01-01;LakestrugeonRichelieu
46.8;-71.191667;1;Inexistant;1945-08-31;LakestrugeonRichelieu
45.933056;-73.153333;1;Inexistant;1970-08-04;LakestrugeonRichelieu
46.031667;-73.123611;1;Inexistant;1970-08-07;LakestrugeonRichelieu
46.583333;-72.05;1;Inexistant;1976-08-10;LakestrugeonRichelieu
46.928333;-70.794722;0;Inexistant;1999-07-09;LakestrugeonRichelieu
45.863056;-73.15;1;Inexistant;2009-06-14;LakestrugeonRichelieu
45.863056;-73.15;2;Inexistant;2009-06-14;LakestrugeonRichelieu
45.863056;-73.15;7;Rare;2009-06-17;LakestrugeonRichelieu
46.4984;-72.2478;2;Inexistant;1996-01-01;LakestrugeonRichelieu
46.94196667;-70.77543333;8;Rare;2000-01-01;LakestrugeonRichelieu
46.739838;-71.35237;1;Inexistant;2003-01-01;LakestrugeonRichelieu
46.77497;-71.23888;1;Inexistant;2005-01-01;LakestrugeonRichelieu
46.66892;-71.83639;3;Inexistant;2006-01-01;LakestrugeonRichelieu
46.66576;-71.78871;1;Inexistant;2006-01-01;LakestrugeonRichelieu
46.65621;-71.76492;3;Inexistant;2006-01-01;LakestrugeonRichelieu
46.73927;-71.27312;3;Inexistant;2008-01-01;LakestrugeonRichelieu
46.73927;-71.27312;2;Inexistant;2008-01-01;LakestrugeonRichelieu
46.73927;-71.27312;3;Inexistant;2008-01-01;LakestrugeonRichelieu
46.73927;-71.27312;1;Inexistant;2009-01-01;LakestrugeonRichelieu
46.427264;-72.270101;7;Rare;2008-01-01;LakestrugeonRichelieu
46.73927;-71.27312;4;Rare;2009-01-01;LakestrugeonRichelieu
46.73927;-71.27312;4;Rare;2009-01-01;LakestrugeonRichelieu
46.73927;-71.27312;2;Inexistant;2010-01-01;LakestrugeonRichelieu
46.73927;-71.27312;1;Inexistant;2010-01-01;LakestrugeonRichelieu
46.73927;-71.27312;7;Rare;2010-01-01;LakestrugeonRichelieu
46.88537;-71.14321;7;Rare;2012-01-01;LakestrugeonRichelieu
46.82455;-71.20467;0;Inexistant;2013-01-01;LakestrugeonRichelieu
46.88517;-71.14011;0;Inexistant;2013-01-01;LakestrugeonRichelieu
46.265833;-72.663889;0;Inexistant;1984-07-19;LakestrugeonRichelieu
46.741471;-71.294771;16;Commun;1972-01-01;LakestrugeonRichelieu
46.480556;-72.253889;3;Inexistant;1996-01-01;LakestrugeonRichelieu
46.6575;-71.751667;1;Inexistant;1997-01-01;LakestrugeonRichelieu
46.66703;-71.76825;1;Inexistant;1997-01-01;LakestrugeonRichelieu
46.741471;-71.294771;23;Commun;1998-01-01;LakestrugeonRichelieu
46.66832;-71.72776;1;Inexistant;1999-01-01;LakestrugeonRichelieu
46.91528;-70.84306;2;Inexistant;2000-01-01;LakestrugeonRichelieu
46.432778;-72.255493;8;Rare;2008-01-01;LakestrugeonRichelieu
46.73927;-71.27312;4;Rare;2008-01-01;LakestrugeonRichelieu
46.73927;-71.27312;2;Inexistant;2010-01-01;LakestrugeonRichelieu
46.73927;-71.27312;1;Inexistant;2011-01-01;LakestrugeonRichelieu
46.73927;-71.27312;4;Rare;2011-01-01;LakestrugeonRichelieu
46.875523;-71.126097;0;Inexistant;2012-01-01;LakestrugeonRichelieu
46.88408;-71.14369;8;Rare;2012-01-01;LakestrugeonRichelieu
46.857171;-70.981257;0;Inexistant;2013-01-01;LakestrugeonRichelieu
46.84002;-71.1956;4;Rare;2014-01-01;LakestrugeonRichelieu
45.863056;-73.15;2;Inexistant;2007-06-15;LakestrugeonRichelieu
46.68215;-71.89716;1;Inexistant;1975-01-01;LakestrugeonRichelieu
46.741471;-71.294771;33;Commun;1995-01-01;LakestrugeonRichelieu
46.4325;-72.316111;2;Inexistant;1996-01-01;LakestrugeonRichelieu
46.68742;-71.64241;1;Inexistant;1997-01-01;LakestrugeonRichelieu
46.911306;-70.850778;15;Commun;1999-01-01;LakestrugeonRichelieu
46.96525;-70.76913333;22;Commun;2000-01-01;LakestrugeonRichelieu
46.444722;-72.285;1;Inexistant;1996-01-01;LakestrugeonRichelieu
46.67216;-71.67958;1;Inexistant;1999-01-01;LakestrugeonRichelieu
46.99972222;-70.77944444;1;Inexistant;2001-01-01;LakestrugeonRichelieu
46.73927;-71.27312;8;Rare;2009-01-01;LakestrugeonRichelieu
46.73927;-71.27312;1;Inexistant;2009-01-01;LakestrugeonRichelieu
46.73927;-71.27312;1;Inexistant;2010-01-01;LakestrugeonRichelieu
46.73927;-71.27312;15;Commun;2010-01-01;LakestrugeonRichelieu
46.27395;-72.6265;0;Inexistant;2012-01-01;LakestrugeonRichelieu
46.7391;-71.27427;18;Commun;2012-01-01;LakestrugeonRichelieu
46.43312;-72.31781;0;Inexistant;2013-01-01;LakestrugeonRichelieu
46.82455;-71.20467;0;Inexistant;2013-01-01;LakestrugeonRichelieu
46.74462;-71.34253;3;Inexistant;2013-01-01;LakestrugeonRichelieu
46.73939;-71.27434;35;Commun;2013-01-01;LakestrugeonRichelieu
46.35757;-72.49857;0;Inexistant;2014-01-01;LakestrugeonRichelieu
46.68369;-71.86562;0;Inexistant;2014-01-01;LakestrugeonRichelieu
46.83623;-71.192;2;Inexistant;2015-01-01;LakestrugeonRichelieu
46.265833;-72.663889;0;Inexistant;1985-05-07;LakestrugeonRichelieu
46.69611;-71.57743;1;Inexistant;1997-01-01;LakestrugeonRichelieu
46.39731;-72.44432;1;Inexistant;2001-01-01;LakestrugeonRichelieu
46.435357;-72.268921;6;Rare;2001-01-01;LakestrugeonRichelieu
46.66584;-71.89503;1;Inexistant;2006-01-01;LakestrugeonRichelieu
46.43687;-72.281511;6;Rare;2008-01-01;LakestrugeonRichelieu
46.2788;-72.70534;2;Inexistant;2009-01-01;LakestrugeonRichelieu
46.73927;-71.27312;4;Rare;2010-01-01;LakestrugeonRichelieu
46.73927;-71.27312;4;Rare;2010-01-01;LakestrugeonRichelieu
46.8537;-70.98;0;Inexistant;2012-01-01;LakestrugeonRichelieu
46.73997;-71.27355;35;Commun;2012-01-01;LakestrugeonRichelieu
46.71277;-71.41285;0;Inexistant;2013-01-01;LakestrugeonRichelieu
46.92969;-71.05071;0;Inexistant;2013-01-01;LakestrugeonRichelieu
46.73912;-71.2737;20;Commun;2013-01-01;LakestrugeonRichelieu
46.678889;-71.808056;185;Commun;2014-01-01;LakestrugeonRichelieu
46.57396;-72.00552;1;Inexistant;2014-01-01;LakestrugeonRichelieu
46.410167;-72.376167;6;Rare;2008-09-23;LakestrugeonRichelieu
46.584167;-72.034722;1;Inexistant;1997-01-01;LakestrugeonRichelieu
46.975;-70.76667;1;Inexistant;2001-01-01;LakestrugeonRichelieu
46.58243;-72.03928;11;Commun;2006-01-01;LakestrugeonRichelieu
46.73927;-71.27312;3;Inexistant;2008-01-01;LakestrugeonRichelieu
46.73927;-71.27312;3;Inexistant;2009-01-01;LakestrugeonRichelieu
46.73927;-71.27312;1;Inexistant;2010-01-01;LakestrugeonRichelieu
46.87678;-71.132406;0;Inexistant;2012-01-01;LakestrugeonRichelieu
46.427264;-72.270101;2;Inexistant;2012-01-01;LakestrugeonRichelieu
46.41696;-72.3682;0;Inexistant;2013-01-01;LakestrugeonRichelieu
46.8877;-71.1228;0;Inexistant;2013-01-01;LakestrugeonRichelieu
46.8463;-70.978;0;Inexistant;2014-01-01;LakestrugeonRichelieu
46.049722;-73.1125;7;Rare;1945-06-06;LakestrugeonRichelieu
45.863056;-73.15;3;Inexistant;2009-06-15;LakestrugeonRichelieu
46.405237;-72.372321;1;Inexistant;2001-01-01;LakestrugeonRichelieu
46.741471;-71.294771;8;Rare;1987-01-01;LakestrugeonRichelieu
46.6625;-71.825;1;Inexistant;1997-01-01;LakestrugeonRichelieu
47.03083;-70.79778;1;Inexistant;1999-01-01;LakestrugeonRichelieu
46.59924;-71.98681;4;Rare;2006-01-01;LakestrugeonRichelieu
46.73927;-71.27312;3;Inexistant;2010-01-01;LakestrugeonRichelieu
46.860812;-70.982361;0;Inexistant;2012-01-01;LakestrugeonRichelieu
46.84939;-70.9794;0;Inexistant;2013-01-01;LakestrugeonRichelieu
46.84892;-71.14397;21;Commun;2013-01-01;LakestrugeonRichelieu
46.87897;-71.12887;0;Inexistant;2014-01-01;LakestrugeonRichelieu
46.83619;-71.19192;1;Inexistant;2015-01-01;LakestrugeonRichelieu
46.265833;-72.663889;0;Inexistant;1985-05-15;LakestrugeonRichelieu
46.75636;-71.26888;1;Inexistant;2005-01-01;LakestrugeonRichelieu
46.58676;-72.02706;1;Inexistant;2006-01-01;LakestrugeonRichelieu
46.741471;-71.294771;40;Commun;2006-01-01;LakestrugeonRichelieu
46.73927;-71.27312;2;Inexistant;2010-01-01;LakestrugeonRichelieu
46.88389;-71.1434;1;Inexistant;2012-01-01;LakestrugeonRichelieu
46.87845;-71.1388;0;Inexistant;2013-01-01;LakestrugeonRichelieu
46.66915;-71.74705;1;Inexistant;2013-01-01;LakestrugeonRichelieu
46.88444;-71.14299;1;Inexistant;2013-01-01;LakestrugeonRichelieu
46.86952;-71.13988;0;Inexistant;2014-01-01;LakestrugeonRichelieu
46.87233;-71.13225;0;Inexistant;2014-01-01;LakestrugeonRichelieu
45.863056;-73.15;1;Inexistant;2007-06-17;LakestrugeonRichelieu
45.863056;-73.15;5;Rare;2009-06-13;LakestrugeonRichelieu
46.044722;-73.12;1;Inexistant;1970-08-07;LakestrugeonRichelieu
45.866667;-73.148056;3;Inexistant;1985-06-11;LakestrugeonRichelieu
46.741471;-71.294771;19;Commun;1984-01-01;LakestrugeonRichelieu
46.635278;-71.732778;4;Rare;1997-01-01;LakestrugeonRichelieu
46.66832;-71.72776;1;Inexistant;1997-01-01;LakestrugeonRichelieu
46.43687;-72.281511;3;Inexistant;2001-01-01;LakestrugeonRichelieu
46.483494;-72.233128;3;Inexistant;2001-01-01;LakestrugeonRichelieu
46.73927;-71.27312;5;Rare;2009-01-01;LakestrugeonRichelieu
46.57756;-72.02954;5;Rare;2006-01-01;LakestrugeonRichelieu
46.39782;-72.429939;2;Inexistant;2008-01-01;LakestrugeonRichelieu
46.73927;-71.27312;5;Rare;2008-01-01;LakestrugeonRichelieu
46.73927;-71.27312;13;Commun;2010-01-01;LakestrugeonRichelieu
46.73927;-71.27312;10;Commun;2011-01-01;LakestrugeonRichelieu
46.73954;-71.27356;1;Inexistant;2012-01-01;LakestrugeonRichelieu
46.82455;-71.20467;0;Inexistant;2013-01-01;LakestrugeonRichelieu
46.315;-72.541667;1;Inexistant;1976-08-02;LakestrugeonRichelieu
46.520833;-72.248056;1;Inexistant;1975-09-10;LakestrugeonRichelieu
46.671389;-71.843056;4;Rare;1997-01-01;LakestrugeonRichelieu
46.68814;-71.87394;1;Inexistant;1997-01-01;LakestrugeonRichelieu
46.99167;-70.76667;2;Inexistant;1999-01-01;LakestrugeonRichelieu
46.405237;-72.372321;4;Rare;2008-01-01;LakestrugeonRichelieu
46.678889;-71.808056;257;Commun;2010-01-01;LakestrugeonRichelieu
46.73927;-71.27312;2;Inexistant;2010-01-01;LakestrugeonRichelieu
46.929687;-71.050712;0;Inexistant;2012-01-01;LakestrugeonRichelieu
46.421034;-72.306653;3;Inexistant;2012-01-01;LakestrugeonRichelieu
46.879292;-71.145025;0;Inexistant;2012-01-01;LakestrugeonRichelieu
46.885433;-71.128741;0;Inexistant;2012-01-01;LakestrugeonRichelieu
46.40667;-72.42061;1;Inexistant;2012-01-01;LakestrugeonRichelieu
46.413136;-72.386766;2;Inexistant;2012-01-01;LakestrugeonRichelieu
46.28313;-72.62351;0;Inexistant;2013-01-01;LakestrugeonRichelieu
46.84373856;-71.1905365;3;Inexistant;2013-01-01;LakestrugeonRichelieu
46.8258018;-71.204697;1;Inexistant;2013-01-01;LakestrugeonRichelieu
46.77953;-71.24024;1;Inexistant;2014-01-01;LakestrugeonRichelieu
46.921111;-70.810278;0;Inexistant;1999-09-16;LakestrugeonRichelieu
45.863056;-73.15;6;Rare;2007-06-19;LakestrugeonRichelieu
46.741471;-71.294771;27;Commun;1980-01-01;LakestrugeonRichelieu
46.741471;-71.294771;31;Commun;1992-01-01;LakestrugeonRichelieu
46.675278;-71.864722;7;Rare;1997-01-01;LakestrugeonRichelieu
46.378155;-72.486417;3;Inexistant;2001-01-01;LakestrugeonRichelieu
46.473016;-72.249984;1;Inexistant;2001-01-01;LakestrugeonRichelieu
46.73927;-71.27312;7;Rare;2007-01-01;LakestrugeonRichelieu
46.417222;-72.305726;5;Rare;2008-01-01;LakestrugeonRichelieu
46.73927;-71.27312;7;Rare;2009-01-01;LakestrugeonRichelieu
46.73927;-71.27312;12;Commun;2010-01-01;LakestrugeonRichelieu
46.73927;-71.27312;3;Inexistant;2010-01-01;LakestrugeonRichelieu
46.881735;-71.133728;0;Inexistant;2012-01-01;LakestrugeonRichelieu
46.74069;-71.27322;4;Rare;2012-01-01;LakestrugeonRichelieu
46.741471;-71.294976;97;Commun;2012-01-01;LakestrugeonRichelieu
46.84892;-71.14397;29;Commun;2012-01-01;LakestrugeonRichelieu
46.88235;-71.13615;0;Inexistant;2014-01-01;LakestrugeonRichelieu
46.83511;-71.19168;1;Inexistant;2015-01-01;LakestrugeonRichelieu
46.844167;-71.1325;2;Inexistant;1944-10-02;LakestrugeonRichelieu
45.940278;-73.148611;1;Inexistant;1970-08-11;LakestrugeonRichelieu
45.863056;-73.15;1;Inexistant;2007-06-20;LakestrugeonRichelieu
45.863056;-73.15;1;Inexistant;2009-06-16;LakestrugeonRichelieu
46.681111;-71.543889;2;Inexistant;1997-01-01;LakestrugeonRichelieu
46.666944;-71.599444;1;Inexistant;1997-01-01;LakestrugeonRichelieu
46.984972;-70.75625;5;Rare;1999-01-01;LakestrugeonRichelieu
46.95302;-70.80347;6;Rare;2000-01-01;LakestrugeonRichelieu
46.741471;-71.294771;37;Commun;2000-01-01;LakestrugeonRichelieu
46.58928;-71.99907;2;Inexistant;2006-01-01;LakestrugeonRichelieu
46.64942;-71.79718;2;Inexistant;2006-01-01;LakestrugeonRichelieu
46.272733;-72.688717;1;Inexistant;2007-01-01;LakestrugeonRichelieu
46.73927;-71.27312;9;Rare;2009-01-01;LakestrugeonRichelieu
46.73927;-71.27312;8;Rare;2010-01-01;LakestrugeonRichelieu
46.74071;-71.27438;7;Rare;2012-01-01;LakestrugeonRichelieu
46.67433;-71.85458;0;Inexistant;2012-01-01;LakestrugeonRichelieu
46.435357;-72.268921;11;Commun;2012-01-01;LakestrugeonRichelieu
46.73915;-71.27446;16;Commun;2012-01-01;LakestrugeonRichelieu
46.88393;-71.14347;3;Inexistant;2012-01-01;LakestrugeonRichelieu
46.87897;-71.12887;0;Inexistant;2013-01-01;LakestrugeonRichelieu
46.82455;-71.20467;0;Inexistant;2013-01-01;LakestrugeonRichelieu
46.83763885;-71.18930817;8;Rare;2013-01-01;LakestrugeonRichelieu
46.88608;-71.13377;0;Inexistant;2014-01-01;LakestrugeonRichelieu
45.8625;-73.147778;1;Inexistant;1944-06-13;LakestrugeonRichelieu
45.453333;-73.276111;1;Inexistant;1984-06-19;LakestrugeonRichelieu
45.863056;-73.15;1;Inexistant;2009-06-17;LakestrugeonRichelieu
45.863056;-73.15;1;Inexistant;2009-06-18;LakestrugeonRichelieu
46.741471;-71.294771;4;Rare;1974-01-01;LakestrugeonRichelieu
46.66801;-71.70291;1;Inexistant;1999-01-01;LakestrugeonRichelieu
46.9709;-70.74448333;14;Commun;2000-01-01;LakestrugeonRichelieu
46.25615;-72.65801;3;Inexistant;2002-01-01;LakestrugeonRichelieu
46.741471;-71.294771;74;Commun;2005-01-01;LakestrugeonRichelieu
46.73927;-71.27312;1;Inexistant;2009-01-01;LakestrugeonRichelieu
46.73927;-71.27312;1;Inexistant;2010-01-01;LakestrugeonRichelieu
46.73927;-71.27312;2;Inexistant;2011-01-01;LakestrugeonRichelieu
46.88435;-71.14304;1;Inexistant;2012-01-01;LakestrugeonRichelieu
46.890388;-71.130063;0;Inexistant;2012-01-01;LakestrugeonRichelieu
46.87646;-71.12555;0;Inexistant;2013-01-01;LakestrugeonRichelieu
46.501;-72.234667;1;Inexistant;2008-09-24;LakestrugeonRichelieu
46.68215;-71.89716;1;Inexistant;1975-01-01;LakestrugeonRichelieu
46.741471;-71.294771;22;Commun;1994-01-01;LakestrugeonRichelieu
46.590278;-71.997778;1;Inexistant;1997-01-01;LakestrugeonRichelieu
46.687778;-71.608611;10;Commun;1997-01-01;LakestrugeonRichelieu
46.741471;-71.294771;33;Commun;1985-01-01;LakestrugeonRichelieu
46.727222;-71.394444;4;Rare;1997-01-01;LakestrugeonRichelieu
46.68695;-71.82821;1;Inexistant;1997-01-01;LakestrugeonRichelieu
46.71653;-71.50905;1;Inexistant;1997-01-01;LakestrugeonRichelieu
46.95093333;-70.78886667;14;Commun;2000-01-01;LakestrugeonRichelieu
46.99145;-70.79161667;40;Commun;2000-01-01;LakestrugeonRichelieu
46.446374;-72.284938;1;Inexistant;2001-01-01;LakestrugeonRichelieu
46.513647;-72.236744;12;Commun;2001-01-01;LakestrugeonRichelieu
46.73927;-71.27312;3;Inexistant;2008-01-01;LakestrugeonRichelieu
46.73927;-71.27312;1;Inexistant;2008-01-01;LakestrugeonRichelieu
46.73927;-71.27312;1;Inexistant;2009-01-01;LakestrugeonRichelieu
46.8645;-70.9833;0;Inexistant;2012-01-01;LakestrugeonRichelieu
46.8463;-70.978;0;Inexistant;2012-01-01;LakestrugeonRichelieu
46.432778;-72.255493;2;Inexistant;2012-01-01;LakestrugeonRichelieu
46.73946;-71.27307;31;Commun;2012-01-01;LakestrugeonRichelieu
46.84373856;-71.1905365;3;Inexistant;2013-01-01;LakestrugeonRichelieu
46.672222;-71.585833;1;Inexistant;1947-08-15;LakestrugeonRichelieu
46.255278;-72.669167;3;Inexistant;1972-07-19;LakestrugeonRichelieu
45.863056;-73.15;1;Inexistant;2007-05-30;LakestrugeonRichelieu
45.863056;-73.15;1;Inexistant;2009-06-21;LakestrugeonRichelieu
46.93308;-71.02648;1;Inexistant;1991-01-01;LakestrugeonRichelieu
46.675;-71.851389;1;Inexistant;1997-01-01;LakestrugeonRichelieu
46.411389;-72.34797;2;Inexistant;2008-01-01;LakestrugeonRichelieu
46.73927;-71.27312;1;Inexistant;2010-01-01;LakestrugeonRichelieu
46.73927;-71.27312;4;Rare;2011-01-01;LakestrugeonRichelieu
46.470835;-72.230727;1;Inexistant;2012-01-01;LakestrugeonRichelieu
46.496478;-72.248642;2;Inexistant;2012-01-01;LakestrugeonRichelieu
46.73902;-71.27402;40;Commun;2012-01-01;LakestrugeonRichelieu
46.51291;-72.21575;0;Inexistant;2013-01-01;LakestrugeonRichelieu
46.4362;-72.35014;0;Inexistant;2013-01-01;LakestrugeonRichelieu
46.87373;-71.13782;0;Inexistant;2013-01-01;LakestrugeonRichelieu
46.82429886;-71.20540619;13;Commun;2013-01-01;LakestrugeonRichelieu
46.8356895;-71.189056;2;Inexistant;2013-01-01;LakestrugeonRichelieu
46.66767;-71.8513;1;Inexistant;2014-01-01;LakestrugeonRichelieu
45.863056;-73.15;3;Inexistant;2007-06-19;LakestrugeonRichelieu
46.95799;-70.99194;1;Inexistant;1991-01-01;LakestrugeonRichelieu
46.98414;-70.98896;1;Inexistant;1991-01-01;LakestrugeonRichelieu
47.02465;-70.88124;1;Inexistant;1989-01-01;LakestrugeonRichelieu
46.92274;-71.05105;1;Inexistant;1991-01-01;LakestrugeonRichelieu
46.636111;-71.755556;1;Inexistant;1997-01-01;LakestrugeonRichelieu
47.02944;-70.795;1;Inexistant;1999-01-01;LakestrugeonRichelieu
46.73927;-71.27312;3;Inexistant;2008-01-01;LakestrugeonRichelieu
46.678889;-71.808056;337;Commun;2009-01-01;LakestrugeonRichelieu
46.73927;-71.27312;3;Inexistant;2009-01-01;LakestrugeonRichelieu
46.73927;-71.27312;1;Inexistant;2009-01-01;LakestrugeonRichelieu
46.73927;-71.27312;13;Commun;2010-01-01;LakestrugeonRichelieu
46.467224;-72.240287;1;Inexistant;2012-01-01;LakestrugeonRichelieu
46.500593;-72.226188;2;Inexistant;2012-01-01;LakestrugeonRichelieu
46.65237;-71.67166;0;Inexistant;2013-01-01;LakestrugeonRichelieu
46.68369;-71.86562;0;Inexistant;2013-01-01;LakestrugeonRichelieu
46.86677;-70.9842;0;Inexistant;2014-01-01;LakestrugeonRichelieu
46.83427;-71.19209;2;Inexistant;2014-01-01;LakestrugeonRichelieu
46.519444;-72.231111;1;Inexistant;1975-09-10;LakestrugeonRichelieu
46.741471;-71.294771;16;Commun;1990-01-01;LakestrugeonRichelieu
46.7025;-71.471389;1;Inexistant;1997-01-01;LakestrugeonRichelieu
46.986583;-70.755029;3;Inexistant;1999-01-01;LakestrugeonRichelieu
46.404758;-72.407307;2;Inexistant;2001-01-01;LakestrugeonRichelieu
46.410239;-72.334867;2;Inexistant;2001-01-01;LakestrugeonRichelieu
46.408336;-72.322995;3;Inexistant;2001-01-01;LakestrugeonRichelieu
46.67112;-71.80366;7;Rare;2006-01-01;LakestrugeonRichelieu
46.470835;-72.230727;1;Inexistant;2008-01-01;LakestrugeonRichelieu
46.4362;-72.35014;0;Inexistant;2012-01-01;LakestrugeonRichelieu
46.880478;-71.127418;0;Inexistant;2012-01-01;LakestrugeonRichelieu
46.88235;-71.13615;0;Inexistant;2013-01-01;LakestrugeonRichelieu
46.8817;-71.1264;0;Inexistant;2013-01-01;LakestrugeonRichelieu
46.74031;-71.27478;1;Inexistant;2013-01-01;LakestrugeonRichelieu
46.41179;-72.36881;0;Inexistant;2014-01-01;LakestrugeonRichelieu
46.265833;-72.663889;0;Inexistant;1984-06-29;LakestrugeonRichelieu
